{"type":"FeatureCollection","features":[{"type":"Feature","geometry":{"type":"Polygon","coordinates":[[[-78.952309,44.220693],[-78.953899,44.224295],[-78.956768,44.231076],[-78.95677,44.231081],[-78.957488,44.23275],[-78.958814,44.235878],[-78.9589,44.23608],[-78.962724,44.245376],[-78.964018,44.248523],[-78.967831,44.257846],[-78.96895,44.260657],[-78.972629,44.270238],[-78.973719,44.273157],[-78.977706,44.282581],[-78.97875,44.285022],[-78.984008,44.296908],[-78.986043,44.301572],[-78.987454,44.304721],[-78.988557,44.307243],[-78.989497,44.309456],[-78.991652,44.314248],[-78.991857,44.314697],[-78.99409,44.319584],[-78.994325,44.320074],[-78.999481,44.331463],[-78.999644,44.331799],[-79.004774,44.343305],[-79.005241,44.344339],[-79.010728,44.356418],[-79.015365,44.366635],[-79.016219,44.368451],[-79.018446,44.373154],[-79.020705,44.377955],[-79.022037,44.380931],[-79.025959,44.389362],[-79.027751,44.393201],[-79.033194,44.405377],[-79.03665,44.413152],[-79.037857,44.415792],[-79.040718,44.422193],[-79.041411,44.424037],[-79.043838,44.429615],[-79.04906,44.441462],[-79.049097,44.44149],[-79.050928,44.445734],[-79.051849,44.44779],[-79.053081,44.450542],[-79.053984,44.452621],[-79.05433,44.453418],[-79.055266,44.455513],[-79.056312,44.457868],[-79.059547,44.465147],[-79.061173,44.468829],[-79.065832,44.479262],[-79.070117,44.488877],[-79.072939,44.495253],[-79.075524,44.501175],[-79.078974,44.509159],[-79.081742,44.51563],[-79.082037,44.516246],[-79.082438,44.516133],[-79.088306,44.516456],[-79.09014,44.516712],[-79.090861,44.516632],[-79.091833,44.516744],[-79.09252,44.516731],[-79.093294,44.516409],[-79.094133,44.516162],[-79.094787,44.515637],[-79.095337,44.515524],[-79.095991,44.51481],[-79.09687,44.513993],[-79.100513,44.512076],[-79.102355,44.511328],[-79.103231,44.511062],[-79.104945,44.510046],[-79.105736,44.509643],[-79.106737,44.509395],[-79.109125,44.509172],[-79.110115,44.509253],[-79.112652,44.508919],[-79.114603,44.508497],[-79.11648,44.507981],[-79.117398,44.507611],[-79.11946,44.507611],[-79.120711,44.507469],[-79.121672,44.507179],[-79.121897,44.506971],[-79.12178,44.506605],[-79.121467,44.506419],[-79.121129,44.506175],[-79.122321,44.506078],[-79.123211,44.505761],[-79.123951,44.505595],[-79.124623,44.505217],[-79.124976,44.505136],[-79.125685,44.505008],[-79.126016,44.505269],[-79.125902,44.505679],[-79.125599,44.506332],[-79.125856,44.507037],[-79.126409,44.507197],[-79.127867,44.507071],[-79.128765,44.507271],[-79.129268,44.507826],[-79.130242,44.508498],[-79.13087,44.508818],[-79.131315,44.508939],[-79.131668,44.509362],[-79.132005,44.509615],[-79.131896,44.509821],[-79.13129,44.509739],[-79.131052,44.50992],[-79.131286,44.510441],[-79.132449,44.510935],[-79.133461,44.510885],[-79.134636,44.51135],[-79.135047,44.511143],[-79.135241,44.510865],[-79.135586,44.510892],[-79.136147,44.511586],[-79.136193,44.511967],[-79.135619,44.512256],[-79.135491,44.512439],[-79.135733,44.512678],[-79.13656,44.512557],[-79.136899,44.51243],[-79.137715,44.512042],[-79.138079,44.512047],[-79.138732,44.512437],[-79.138665,44.512654],[-79.137832,44.512911],[-79.137855,44.513129],[-79.138508,44.513113],[-79.139462,44.512779],[-79.13997,44.512833],[-79.140084,44.513203],[-79.139709,44.513546],[-79.139584,44.514063],[-79.139835,44.514191],[-79.140482,44.514179],[-79.141339,44.513787],[-79.141918,44.513392],[-79.142133,44.513047],[-79.142039,44.512767],[-79.141644,44.512529],[-79.141581,44.512283],[-79.142126,44.51216],[-79.142625,44.512321],[-79.143176,44.512639],[-79.143647,44.512678],[-79.144123,44.512089],[-79.144291,44.51209],[-79.14457,44.512339],[-79.144819,44.512371],[-79.14519,44.51216],[-79.145372,44.511553],[-79.145373,44.511133],[-79.145058,44.510322],[-79.144741,44.509706],[-79.144196,44.509297],[-79.144234,44.509075],[-79.144877,44.508749],[-79.146189,44.507862],[-79.146368,44.507606],[-79.146521,44.506868],[-79.147353,44.506318],[-79.147502,44.506059],[-79.147494,44.505462],[-79.148067,44.504787],[-79.148128,44.504553],[-79.147909,44.503442],[-79.147893,44.502891],[-79.147956,44.50235],[-79.148047,44.501867],[-79.148162,44.501634],[-79.149277,44.501167],[-79.14934,44.500997],[-79.148834,44.500757],[-79.148263,44.500697],[-79.148332,44.500409],[-79.150481,44.500117],[-79.151228,44.500031],[-79.151928,44.499994],[-79.152138,44.499811],[-79.152279,44.499231],[-79.151835,44.498262],[-79.152294,44.498084],[-79.153866,44.498356],[-79.154452,44.498288],[-79.154561,44.498185],[-79.154742,44.497723],[-79.154612,44.49726],[-79.154363,44.497],[-79.153798,44.49667],[-79.153734,44.496424],[-79.153894,44.496209],[-79.154322,44.495863],[-79.155142,44.495469],[-79.15509,44.49522],[-79.154753,44.49496],[-79.153849,44.494736],[-79.153751,44.494472],[-79.153905,44.494205],[-79.154382,44.493576],[-79.154788,44.493407],[-79.15521,44.493355],[-79.155516,44.493249],[-79.155595,44.492925],[-79.155009,44.492676],[-79.15464,44.492544],[-79.154318,44.492536],[-79.153568,44.492678],[-79.153095,44.492414],[-79.15351,44.49197],[-79.154085,44.49177],[-79.155132,44.491379],[-79.155459,44.491198],[-79.155589,44.491077],[-79.155599,44.49088],[-79.155495,44.490693],[-79.155041,44.490432],[-79.154264,44.490174],[-79.153958,44.490006],[-79.153884,44.489904],[-79.153866,44.489729],[-79.153981,44.48952],[-79.154753,44.488988],[-79.155215,44.48875],[-79.155324,44.488458],[-79.155467,44.488241],[-79.155964,44.488257],[-79.156683,44.488435],[-79.15739,44.488469],[-79.157919,44.488591],[-79.158309,44.48842],[-79.158345,44.487962],[-79.1579,44.487745],[-79.157822,44.487508],[-79.158118,44.487164],[-79.158478,44.486854],[-79.158738,44.486806],[-79.159322,44.486859],[-79.15964,44.486827],[-79.160071,44.486877],[-79.160142,44.486627],[-79.159971,44.486436],[-79.159608,44.485981],[-79.159757,44.4856],[-79.160141,44.485418],[-79.160313,44.485276],[-79.160046,44.48509],[-79.159673,44.484964],[-79.158545,44.484803],[-79.158246,44.484643],[-79.158728,44.484359],[-79.15843,44.483975],[-79.158093,44.483781],[-79.157879,44.483676],[-79.157876,44.48351],[-79.158237,44.48321],[-79.158465,44.483128],[-79.15855,44.482972],[-79.158013,44.482604],[-79.157922,44.482537],[-79.157759,44.482444],[-79.157519,44.482359],[-79.15673,44.482236],[-79.156613,44.482201],[-79.156683,44.481775],[-79.157526,44.481398],[-79.157981,44.480998],[-79.158942,44.480506],[-79.15955,44.480444],[-79.159889,44.480298],[-79.159849,44.4797],[-79.159492,44.479418],[-79.159093,44.479569],[-79.158823,44.479711],[-79.15838,44.47957],[-79.157757,44.479147],[-79.157664,44.478987],[-79.157904,44.478739],[-79.158078,44.478318],[-79.157945,44.478196],[-79.156577,44.477811],[-79.156314,44.477663],[-79.156578,44.476693],[-79.157087,44.476274],[-79.158544,44.475798],[-79.159,44.475522],[-79.159722,44.474924],[-79.160534,44.474623],[-79.160689,44.474415],[-79.160966,44.474273],[-79.161005,44.4736],[-79.160857,44.473132],[-79.161107,44.472154],[-79.161339,44.47188],[-79.161792,44.471753],[-79.163073,44.471779],[-79.163324,44.471616],[-79.163771,44.47108],[-79.163884,44.471025],[-79.206283,44.46402],[-79.206304,44.464016],[-79.24214,44.458081],[-79.242359,44.458045],[-79.243009,44.457909],[-79.244346,44.457356],[-79.246274,44.456821],[-79.247358,44.456296],[-79.247989,44.455823],[-79.249082,44.455286],[-79.249501,44.454871],[-79.249792,44.453893],[-79.250111,44.453912],[-79.250592,44.453653],[-79.250427,44.453194],[-79.250717,44.453112],[-79.251357,44.453216],[-79.252009,44.45311],[-79.252061,44.452539],[-79.251656,44.451657],[-79.250953,44.451334],[-79.250394,44.450789],[-79.249984,44.450256],[-79.249053,44.450084],[-79.248643,44.44969],[-79.248172,44.44951],[-79.247848,44.449555],[-79.24707,44.449298],[-79.246667,44.449313],[-79.245899,44.44921],[-79.245232,44.448929],[-79.244631,44.448531],[-79.243756,44.448304],[-79.242592,44.448778],[-79.241936,44.449306],[-79.241332,44.449476],[-79.240571,44.449412],[-79.240007,44.449243],[-79.23828,44.448521],[-79.237699,44.448204],[-79.236823,44.447536],[-79.236388,44.447095],[-79.235307,44.445801],[-79.235058,44.445345],[-79.235202,44.444113],[-79.235041,44.443561],[-79.234894,44.442683],[-79.233566,44.442077],[-79.233106,44.442402],[-79.231861,44.44215],[-79.231348,44.441937],[-79.230562,44.441292],[-79.230096,44.440697],[-79.229447,44.439435],[-79.228771,44.437059],[-79.228836,44.436623],[-79.229023,44.436268],[-79.229485,44.435968],[-79.229716,44.435406],[-79.230274,44.434711],[-79.231356,44.433936],[-79.231599,44.433517],[-79.231737,44.432737],[-79.23151,44.432076],[-79.231304,44.431707],[-79.231089,44.431567],[-79.230573,44.430945],[-79.224269,44.416713],[-79.199981,44.36202],[-79.196116,44.353464],[-79.195695,44.352432],[-79.194977,44.350881],[-79.194524,44.349897],[-79.194416,44.349663],[-79.194413,44.349657],[-79.194412,44.349655],[-79.194343,44.349458],[-79.193069,44.346619],[-79.192211,44.344706],[-79.191651,44.343456],[-79.191608,44.343361],[-79.191561,44.343256],[-79.191177,44.342403],[-79.19099,44.341987],[-79.188848,44.337226],[-79.187911,44.33513],[-79.186126,44.331101],[-79.183311,44.324795],[-79.181916,44.321643],[-79.18068,44.318801],[-79.172573,44.300289],[-79.169985,44.294422],[-79.166952,44.287731],[-79.165847,44.285282],[-79.16449,44.282271],[-79.164449,44.28218],[-79.163619,44.280285],[-79.161467,44.27537],[-79.159033,44.26983],[-79.156117,44.263122],[-79.15487,44.260163],[-79.154602,44.259639],[-79.154031,44.258271],[-79.151988,44.253511],[-79.151073,44.251156],[-79.149287,44.246986],[-79.148235,44.244592],[-79.134039,44.210689],[-79.133227,44.209065],[-79.12972,44.200454],[-79.126552,44.192993],[-79.124498,44.188305],[-79.124081,44.187271],[-79.123564,44.185831],[-79.122467,44.183319],[-79.115284,44.18493],[-79.101134,44.188053],[-79.090496,44.190451],[-79.080362,44.192721],[-79.079992,44.192931],[-79.04121,44.201725],[-79.028728,44.204482],[-79.02453,44.205381],[-79.005453,44.209551],[-78.994563,44.211782],[-78.993253,44.212011],[-78.987343,44.213159],[-78.986333,44.213384],[-78.98031,44.214592],[-78.979527,44.214776],[-78.976466,44.215352],[-78.97325,44.216061],[-78.972645,44.216167],[-78.969556,44.216823],[-78.968042,44.217174],[-78.959653,44.219014],[-78.955715,44.219934],[-78.952309,44.220693]]]},"properties":{"id":"brock","name":"Brock"}},{"type":"Feature","geometry":{"type":"Polygon","coordinates":[[[-79.156117,44.263122],[-79.17885,44.257814],[-79.183574,44.256686],[-79.191883,44.254726],[-79.195962,44.253737],[-79.199277,44.253042],[-79.20085,44.25267],[-79.207765,44.251096],[-79.225704,44.246943],[-79.233245,44.245196],[-79.235337,44.24471],[-79.2381,44.244073],[-79.239802,44.243681],[-79.239936,44.243646],[-79.240673,44.243451],[-79.243763,44.242725],[-79.245413,44.242352],[-79.248756,44.241595],[-79.253989,44.24037],[-79.259638,44.239078],[-79.264639,44.237884],[-79.265843,44.237597],[-79.269127,44.236838],[-79.270847,44.236443],[-79.275512,44.235403],[-79.279485,44.23446],[-79.287817,44.232563],[-79.290583,44.231927],[-79.322135,44.224663],[-79.32226,44.224635],[-79.324675,44.224075],[-79.328013,44.223303],[-79.327589,44.222299],[-79.319168,44.202238],[-79.319075,44.202021],[-79.315872,44.194582],[-79.313875,44.189897],[-79.313388,44.188782],[-79.306385,44.172118],[-79.305964,44.171165],[-79.298707,44.154435],[-79.298671,44.154362],[-79.297689,44.152068],[-79.294204,44.144005],[-79.291045,44.136621],[-79.289577,44.133147],[-79.286272,44.125196],[-79.283647,44.119004],[-79.279896,44.109941],[-79.276169,44.101266],[-79.271526,44.090815],[-79.268344,44.083432],[-79.266893,44.080095],[-79.265368,44.076713],[-79.263134,44.071538],[-79.260546,44.065578],[-79.256651,44.056674],[-79.256547,44.056327],[-79.256537,44.056294],[-79.25638,44.055932],[-79.256259,44.055654],[-79.253848,44.050113],[-79.253533,44.04943],[-79.253094,44.048427],[-79.252712,44.047775],[-79.252497,44.04724],[-79.251244,44.04415],[-79.251043,44.043608],[-79.250246,44.04181],[-79.249982,44.041202],[-79.248646,44.038117],[-79.248402,44.0373],[-79.248163,44.036747],[-79.24508,44.029856],[-79.242978,44.025043],[-79.242977,44.025039],[-79.242376,44.02359],[-79.241873,44.022388],[-79.240788,44.019896],[-79.239371,44.016731],[-79.237898,44.013377],[-79.237378,44.012185],[-79.235825,44.008743],[-79.235811,44.008637],[-79.235772,44.008501],[-79.235702,44.008338],[-79.235211,44.007362],[-79.23385,44.004252],[-79.233154,44.002536],[-79.232498,44.001122],[-79.229708,43.994704],[-79.228419,43.991761],[-79.227956,43.990706],[-79.226988,43.988456],[-79.225578,43.985192],[-79.222528,43.978287],[-79.221991,43.976982],[-79.221646,43.97591],[-79.22106,43.974188],[-79.22061,43.97271],[-79.220043,43.970929],[-79.217848,43.97141],[-79.216076,43.971832],[-79.211775,43.972821],[-79.210113,43.97319],[-79.203629,43.974671],[-79.201838,43.97507],[-79.198904,43.975767],[-79.191059,43.977551],[-79.185864,43.978711],[-79.174214,43.981349],[-79.171968,43.981886],[-79.168139,43.982768],[-79.15641,43.985486],[-79.148834,43.987236],[-79.147965,43.987445],[-79.137982,43.989772],[-79.132419,43.99108],[-79.129283,43.991773],[-79.126948,43.992349],[-79.125529,43.992659],[-79.121574,43.993626],[-79.119194,43.994132],[-79.116614,43.994768],[-79.112859,43.995664],[-79.108605,43.996639],[-79.104377,43.997581],[-79.101513,43.998235],[-79.09934,43.998767],[-79.06928,44.005776],[-79.059541,44.00807],[-79.057237,44.008653],[-79.055332,44.009048],[-79.052767,44.009644],[-79.051026,44.010077],[-79.048964,44.010531],[-79.048016,44.010769],[-79.048713,44.012378],[-79.049077,44.013363],[-79.051355,44.018497],[-79.054277,44.025019],[-79.054887,44.026445],[-79.055147,44.026866],[-79.057278,44.031705],[-79.057399,44.032211],[-79.058073,44.034104],[-79.058276,44.034774],[-79.058562,44.035967],[-79.058733,44.036466],[-79.060282,44.039463],[-79.063174,44.045896],[-79.063586,44.046839],[-79.068678,44.059151],[-79.070301,44.063005],[-79.071466,44.065978],[-79.074306,44.072328],[-79.077836,44.080562],[-79.079381,44.08405],[-79.082765,44.091899],[-79.084617,44.09589],[-79.088044,44.103692],[-79.092175,44.113151],[-79.092336,44.113586],[-79.092732,44.115654],[-79.092949,44.116288],[-79.09352,44.117198],[-79.095561,44.120572],[-79.099251,44.126702],[-79.099626,44.127473],[-79.099852,44.128216],[-79.100754,44.132831],[-79.100867,44.133211],[-79.101425,44.134544],[-79.103744,44.139786],[-79.107519,44.148429],[-79.109977,44.154466],[-79.111565,44.157934],[-79.117103,44.170743],[-79.122467,44.183319],[-79.123564,44.185831],[-79.124081,44.187271],[-79.124498,44.188305],[-79.126552,44.192993],[-79.12972,44.200454],[-79.133227,44.209065],[-79.134039,44.210689],[-79.148235,44.244592],[-79.149287,44.246986],[-79.151073,44.251156],[-79.151988,44.253511],[-79.154031,44.258271],[-79.154602,44.259639],[-79.15487,44.260163],[-79.156117,44.263122]]]},"properties":{"id":"uxbridge","name":"Uxbridge"}},{"type":"Feature","geometry":{"type":"MultiPolygon","coordinates":[[[[-79.122467,44.183319],[-79.117103,44.170743],[-79.111565,44.157934],[-79.109977,44.154466],[-79.107519,44.148429],[-79.103744,44.139786],[-79.101425,44.134544],[-79.100867,44.133211],[-79.100754,44.132831],[-79.099852,44.128216],[-79.099626,44.127473],[-79.099251,44.126702],[-79.095561,44.120572],[-79.09352,44.117198],[-79.092949,44.116288],[-79.092732,44.115654],[-79.092336,44.113586],[-79.092175,44.113151],[-79.088044,44.103692],[-79.084617,44.09589],[-79.082765,44.091899],[-79.079381,44.08405],[-79.077836,44.080562],[-79.074306,44.072328],[-79.071466,44.065978],[-79.070301,44.063005],[-79.068678,44.059151],[-79.063586,44.046839],[-79.063174,44.045896],[-79.060282,44.039463],[-79.058733,44.036466],[-79.058562,44.035967],[-79.058276,44.034774],[-79.058073,44.034104],[-79.057399,44.032211],[-79.057278,44.031705],[-79.055147,44.026866],[-79.054887,44.026445],[-79.054277,44.025019],[-79.051355,44.018497],[-79.049077,44.013363],[-79.048713,44.012378],[-79.048016,44.010769],[-79.047311,44.00924],[-79.042495,44.01029],[-79.038101,44.011286],[-79.024815,44.014278],[-79.0173,44.015906],[-79.008683,44.017806],[-79.003298,44.019002],[-78.997647,44.020304],[-78.994523,44.021009],[-78.991831,44.021592],[-78.983286,44.02347],[-78.975746,44.025145],[-78.974372,44.025409],[-78.973617,44.025483],[-78.97188,44.025777],[-78.970819,44.026173],[-78.968729,44.026662],[-78.962743,44.028004],[-78.958952,44.028774],[-78.958569,44.028867],[-78.957835,44.029053],[-78.953012,44.030095],[-78.949583,44.030855],[-78.946869,44.031438],[-78.943145,44.03222],[-78.940312,44.032889],[-78.936389,44.033786],[-78.929126,44.035402],[-78.921008,44.037234],[-78.920475,44.037339],[-78.914914,44.038582],[-78.91218,44.039152],[-78.908945,44.039917],[-78.904466,44.040923],[-78.902998,44.041217],[-78.898285,44.042277],[-78.893089,44.043403],[-78.890734,44.043942],[-78.887841,44.044547],[-78.8845,44.045295],[-78.883332,44.045574],[-78.88116,44.046032],[-78.877537,44.04687],[-78.87509,44.047392],[-78.874722,44.04652],[-78.873468,44.043755],[-78.872578,44.041685],[-78.872038,44.040498],[-78.867826,44.041494],[-78.865547,44.042014],[-78.864824,44.04222],[-78.86214,44.04287],[-78.85801,44.043812],[-78.856496,44.044232],[-78.854261,44.044736],[-78.85269,44.045116],[-78.851622,44.045323],[-78.848803,44.046006],[-78.829787,44.050631],[-78.828882,44.050769],[-78.802079,44.057291],[-78.79996,44.057757],[-78.795671,44.058789],[-78.788332,44.060493],[-78.78566,44.061129],[-78.784765,44.061378],[-78.783335,44.061667],[-78.781533,44.062072],[-78.77762,44.063009],[-78.77649,44.06325],[-78.774631,44.063706],[-78.771995,44.064316],[-78.769538,44.064932],[-78.767503,44.065403],[-78.765005,44.065952],[-78.762468,44.066538],[-78.762069,44.066685],[-78.759699,44.06716],[-78.757469,44.067675],[-78.756718,44.067874],[-78.75496,44.068269],[-78.752355,44.068924],[-78.748339,44.069906],[-78.744374,44.070853],[-78.743113,44.07117],[-78.735679,44.072904],[-78.732469,44.073579],[-78.719131,44.07664],[-78.717228,44.077131],[-78.71536,44.07754],[-78.71361,44.077978],[-78.710394,44.078726],[-78.708524,44.079205],[-78.707111,44.079495],[-78.705956,44.079795],[-78.703243,44.080445],[-78.706316,44.08701],[-78.707468,44.089447],[-78.710161,44.095363],[-78.712271,44.099933],[-78.712727,44.100744],[-78.712743,44.100787],[-78.713213,44.102068],[-78.714643,44.105167],[-78.715325,44.106621],[-78.715329,44.106629],[-78.71693,44.110029],[-78.719785,44.116253],[-78.720123,44.116989],[-78.720391,44.117586],[-78.720975,44.118888],[-78.725213,44.128015],[-78.725731,44.129129],[-78.726901,44.131538],[-78.726912,44.131908],[-78.732264,44.143399],[-78.737225,44.154448],[-78.742373,44.16576],[-78.743328,44.167921],[-78.748985,44.180304],[-78.754503,44.192819],[-78.760122,44.205267],[-78.764465,44.214946],[-78.765811,44.218087],[-78.766621,44.219805],[-78.766808,44.220279],[-78.766809,44.220278],[-78.766947,44.220214],[-78.76705,44.220144],[-78.767203,44.220084],[-78.767397,44.219917],[-78.768242,44.219411],[-78.768725,44.218565],[-78.769374,44.217948],[-78.769743,44.217784],[-78.769801,44.217587],[-78.770608,44.216423],[-78.771196,44.215768],[-78.771372,44.215421],[-78.772196,44.214483],[-78.772696,44.214252],[-78.773105,44.213785],[-78.773223,44.213476],[-78.773789,44.213055],[-78.773871,44.212886],[-78.774631,44.212657],[-78.775513,44.211828],[-78.775754,44.211419],[-78.776371,44.211656],[-78.776261,44.212239],[-78.77608,44.212722],[-78.77641,44.21361],[-78.776544,44.213703],[-78.777566,44.212832],[-78.778091,44.2115],[-78.778144,44.211096],[-78.777933,44.210723],[-78.777748,44.210647],[-78.777461,44.210957],[-78.776724,44.210907],[-78.776445,44.211247],[-78.776289,44.211159],[-78.776372,44.21063],[-78.77659,44.210148],[-78.777219,44.209746],[-78.777225,44.209242],[-78.777416,44.208813],[-78.777768,44.208451],[-78.778047,44.208348],[-78.778081,44.208124],[-78.778601,44.207612],[-78.779077,44.20727],[-78.77934,44.206915],[-78.779894,44.206503],[-78.779937,44.206017],[-78.779638,44.205643],[-78.779425,44.204981],[-78.779459,44.204757],[-78.779268,44.204501],[-78.779286,44.204033],[-78.779102,44.202913],[-78.779251,44.201953],[-78.779961,44.200724],[-78.780523,44.20042],[-78.780825,44.200363],[-78.781573,44.200449],[-78.781656,44.200235],[-78.781982,44.200565],[-78.782118,44.200919],[-78.782065,44.201341],[-78.782365,44.201356],[-78.782864,44.201069],[-78.783487,44.200478],[-78.784403,44.199397],[-78.785034,44.198257],[-78.785724,44.197217],[-78.786101,44.196846],[-78.78678,44.196427],[-78.787347,44.195979],[-78.787701,44.195545],[-78.788147,44.194662],[-78.788254,44.193142],[-78.788207,44.192718],[-78.787725,44.192214],[-78.787832,44.191703],[-78.788234,44.191324],[-78.788496,44.19068],[-78.788838,44.190246],[-78.789458,44.189727],[-78.790203,44.188868],[-78.790338,44.1886],[-78.790915,44.1879],[-78.791039,44.187579],[-78.791655,44.187185],[-78.792256,44.18717],[-78.792537,44.187337],[-78.793079,44.186898],[-78.793354,44.186903],[-78.793158,44.186476],[-78.792709,44.186089],[-78.793,44.186014],[-78.793552,44.186646],[-78.793766,44.186263],[-78.793689,44.185991],[-78.794178,44.185956],[-78.794008,44.185817],[-78.794612,44.185712],[-78.794795,44.185175],[-78.795056,44.185225],[-78.79481,44.186112],[-78.794587,44.186387],[-78.79459,44.186648],[-78.794836,44.186752],[-78.794556,44.186881],[-78.794245,44.187524],[-78.794362,44.188057],[-78.79392,44.188183],[-78.794077,44.188322],[-78.794552,44.18834],[-78.795369,44.188229],[-78.796344,44.188275],[-78.797012,44.188144],[-78.797488,44.187793],[-78.797936,44.18719],[-78.798461,44.186182],[-78.79855,44.185149],[-78.798492,44.184679],[-78.798628,44.184061],[-78.799509,44.182899],[-78.799764,44.182768],[-78.799942,44.182349],[-78.800343,44.181996],[-78.801014,44.181793],[-78.801735,44.181258],[-78.802356,44.181018],[-78.802832,44.180667],[-78.80343,44.180084],[-78.803939,44.179491],[-78.804445,44.179014],[-78.805461,44.178259],[-78.805777,44.178193],[-78.806109,44.178326],[-78.806397,44.177989],[-78.806439,44.178206],[-78.807658,44.177725],[-78.8083,44.177288],[-78.808933,44.176751],[-78.810136,44.175324],[-78.810678,44.174542],[-78.8115,44.173955],[-78.812522,44.173731],[-78.81249,44.173569],[-78.812769,44.173475],[-78.813399,44.173028],[-78.814329,44.172569],[-78.815508,44.172132],[-78.816011,44.171727],[-78.816584,44.171459],[-78.817382,44.170853],[-78.819048,44.169409],[-78.819339,44.169],[-78.819616,44.167934],[-78.8196,44.167673],[-78.819348,44.167038],[-78.81931,44.166722],[-78.81942,44.166103],[-78.819766,44.16556],[-78.820264,44.164606],[-78.82142,44.163764],[-78.82218,44.162824],[-78.822471,44.16274],[-78.822823,44.162341],[-78.823112,44.16232],[-78.823546,44.162085],[-78.824163,44.161629],[-78.824616,44.161196],[-78.825186,44.161018],[-78.825585,44.161034],[-78.826198,44.161361],[-78.826499,44.1617],[-78.827263,44.162012],[-78.827796,44.16213],[-78.828659,44.162137],[-78.82959,44.161975],[-78.830108,44.161832],[-78.830417,44.161612],[-78.831687,44.161087],[-78.832701,44.160719],[-78.833208,44.160855],[-78.833394,44.161246],[-78.83352,44.16123],[-78.833358,44.160858],[-78.833676,44.160711],[-78.834076,44.160737],[-78.834568,44.160602],[-78.83475,44.160434],[-78.835008,44.160538],[-78.834871,44.160193],[-78.835726,44.159381],[-78.836578,44.15865],[-78.836499,44.158424],[-78.836752,44.158347],[-78.836724,44.158086],[-78.83758,44.156896],[-78.838087,44.155681],[-78.838164,44.155277],[-78.838394,44.154804],[-78.838843,44.154156],[-78.839393,44.153473],[-78.839662,44.153307],[-78.839965,44.152889],[-78.840208,44.152732],[-78.840869,44.152096],[-78.841099,44.151975],[-78.841667,44.151121],[-78.841969,44.150389],[-78.842195,44.150033],[-78.842544,44.149715],[-78.842692,44.149412],[-78.843427,44.148822],[-78.844152,44.147783],[-78.844766,44.147056],[-78.844972,44.146556],[-78.845167,44.145677],[-78.845356,44.145294],[-78.845681,44.14494],[-78.845754,44.144662],[-78.846113,44.144074],[-78.846751,44.143366],[-78.84747,44.14284],[-78.84776,44.142782],[-78.848783,44.142153],[-78.849058,44.142167],[-78.849518,44.14187],[-78.850081,44.141871],[-78.850665,44.14163],[-78.851135,44.14109],[-78.851074,44.140702],[-78.851249,44.140687],[-78.851303,44.140247],[-78.851519,44.140143],[-78.851533,44.139765],[-78.851133,44.139758],[-78.851384,44.139384],[-78.851754,44.139175],[-78.851942,44.138827],[-78.851666,44.138498],[-78.851431,44.138431],[-78.851761,44.138302],[-78.852355,44.138475],[-78.852713,44.138239],[-78.852514,44.137866],[-78.853245,44.138051],[-78.85378,44.137773],[-78.853833,44.13735],[-78.854014,44.137183],[-78.853966,44.136786],[-78.853713,44.13652],[-78.854002,44.136489],[-78.853923,44.136245],[-78.854195,44.136322],[-78.85438,44.136758],[-78.854642,44.136753],[-78.854812,44.13655],[-78.855013,44.136859],[-78.855843,44.136731],[-78.856164,44.136503],[-78.856338,44.136191],[-78.856841,44.136093],[-78.856912,44.135878],[-78.85677,44.13529],[-78.856946,44.134933],[-78.856725,44.134821],[-78.856991,44.134709],[-78.857239,44.134416],[-78.857044,44.134278],[-78.856786,44.133814],[-78.855604,44.133665],[-78.854483,44.133896],[-78.854602,44.133728],[-78.855633,44.133558],[-78.856778,44.133688],[-78.857483,44.133215],[-78.857956,44.133269],[-78.858015,44.133378],[-78.858724,44.133472],[-78.858743,44.133274],[-78.858431,44.133259],[-78.85918,44.132949],[-78.859233,44.13322],[-78.859077,44.13338],[-78.85926,44.133518],[-78.858809,44.133528],[-78.858586,44.133838],[-78.858667,44.134011],[-78.859133,44.133903],[-78.859879,44.134034],[-78.860171,44.133904],[-78.860774,44.133825],[-78.861103,44.133363],[-78.861838,44.132747],[-78.861404,44.131938],[-78.8607,44.131357],[-78.860497,44.131434],[-78.860666,44.130915],[-78.861027,44.130625],[-78.860992,44.130192],[-78.860742,44.129845],[-78.860516,44.129886],[-78.860052,44.130265],[-78.860056,44.130508],[-78.859017,44.130551],[-78.858585,44.130732],[-78.858505,44.130533],[-78.858831,44.130494],[-78.858335,44.129913],[-78.858518,44.129471],[-78.858066,44.129183],[-78.858308,44.129053],[-78.858278,44.128854],[-78.858633,44.129068],[-78.858533,44.128706],[-78.859177,44.128547],[-78.859394,44.128758],[-78.859359,44.129036],[-78.858737,44.129646],[-78.858651,44.129941],[-78.859022,44.130398],[-78.859398,44.130387],[-78.859741,44.130232],[-78.859812,44.129999],[-78.859615,44.129905],[-78.860192,44.129853],[-78.860385,44.129002],[-78.860209,44.128683],[-78.860308,44.128361],[-78.860155,44.127413],[-78.859737,44.127234],[-78.860405,44.127057],[-78.860412,44.126535],[-78.860532,44.12633],[-78.860552,44.125764],[-78.860312,44.12548],[-78.860918,44.12532],[-78.860933,44.124915],[-78.861243,44.124966],[-78.862157,44.124569],[-78.862486,44.124818],[-78.86338,44.12497],[-78.863729,44.124662],[-78.864342,44.124304],[-78.864618,44.123913],[-78.865068,44.12357],[-78.864817,44.12325],[-78.865714,44.122988],[-78.866467,44.122894],[-78.867766,44.122576],[-78.867597,44.122402],[-78.867154,44.122232],[-78.866828,44.121559],[-78.86657,44.12142],[-78.866216,44.120855],[-78.866209,44.120693],[-78.865667,44.119773],[-78.866074,44.119943],[-78.86677,44.120748],[-78.867361,44.120984],[-78.867503,44.121203],[-78.867938,44.121265],[-78.868141,44.121548],[-78.868489,44.12159],[-78.868394,44.121796],[-78.86864,44.121899],[-78.871194,44.121092],[-78.87174,44.12085],[-78.872004,44.120468],[-78.8716,44.120235],[-78.871041,44.120486],[-78.870639,44.12055],[-78.87066,44.120992],[-78.870195,44.121073],[-78.870155,44.120784],[-78.870328,44.12049],[-78.870323,44.11995],[-78.871153,44.120155],[-78.872308,44.119654],[-78.873411,44.119575],[-78.873579,44.11975],[-78.874132,44.11967],[-78.874653,44.119436],[-78.874963,44.119163],[-78.876117,44.119041],[-78.877069,44.118635],[-78.877777,44.118063],[-78.877887,44.117768],[-78.87762,44.117205],[-78.877802,44.116992],[-78.877814,44.116668],[-78.878191,44.116621],[-78.878488,44.11633],[-78.87812,44.115792],[-78.877808,44.115786],[-78.877252,44.115947],[-78.876591,44.115925],[-78.875871,44.115786],[-78.87534,44.115605],[-78.875358,44.115101],[-78.876145,44.115107],[-78.87649,44.114906],[-78.876663,44.114603],[-78.876646,44.114045],[-78.876962,44.113934],[-78.87677,44.113705],[-78.876876,44.113554],[-78.876858,44.112653],[-78.877072,44.112261],[-78.876982,44.11198],[-78.877543,44.111315],[-78.877806,44.111653],[-78.877556,44.112018],[-78.877867,44.112393],[-78.877434,44.113321],[-78.877628,44.113496],[-78.877374,44.113608],[-78.877335,44.113995],[-78.877098,44.114314],[-78.877451,44.114591],[-78.877354,44.11485],[-78.878246,44.115074],[-78.879006,44.115475],[-78.879724,44.115677],[-78.880279,44.115526],[-78.880462,44.115304],[-78.880802,44.115238],[-78.881337,44.114951],[-78.883052,44.114164],[-78.883887,44.113549],[-78.883693,44.113032],[-78.883827,44.112404],[-78.884305,44.111621],[-78.884959,44.111156],[-78.885078,44.110987],[-78.885137,44.110367],[-78.885719,44.109459],[-78.886438,44.108581],[-78.886965,44.107817],[-78.887542,44.107413],[-78.888228,44.107093],[-78.888898,44.106511],[-78.888832,44.106267],[-78.8885,44.106117],[-78.88828,44.105617],[-78.888371,44.105313],[-78.888728,44.105375],[-78.888976,44.105738],[-78.890022,44.106181],[-78.889992,44.106324],[-78.890724,44.106473],[-78.891019,44.106604],[-78.891382,44.106593],[-78.89181,44.106862],[-78.892467,44.106631],[-78.892987,44.106547],[-78.893777,44.10665],[-78.89432,44.106836],[-78.89669,44.107522],[-78.894839,44.108466],[-78.894808,44.108628],[-78.895294,44.109033],[-78.894899,44.110304],[-78.894429,44.110863],[-78.894213,44.111327],[-78.893476,44.112358],[-78.892721,44.113226],[-78.892839,44.113417],[-78.892576,44.11343],[-78.891902,44.114462],[-78.89134,44.115154],[-78.890692,44.116151],[-78.889278,44.11725],[-78.888553,44.117975],[-78.888745,44.118194],[-78.888209,44.118157],[-78.887573,44.11847],[-78.886688,44.119111],[-78.886028,44.119377],[-78.8851,44.119459],[-78.884428,44.119744],[-78.883993,44.120015],[-78.883322,44.120264],[-78.882541,44.12114],[-78.882101,44.121213],[-78.882092,44.121447],[-78.881864,44.121551],[-78.881293,44.121432],[-78.881422,44.120967],[-78.880956,44.120706],[-78.880557,44.12105],[-78.880491,44.12149],[-78.879768,44.122124],[-78.8798,44.122296],[-78.879453,44.122569],[-78.878861,44.122693],[-78.878843,44.123197],[-78.878459,44.123451],[-78.878493,44.122848],[-78.878171,44.12277],[-78.877084,44.123083],[-78.876807,44.122808],[-78.876041,44.122892],[-78.876052,44.123307],[-78.876473,44.123396],[-78.877126,44.123669],[-78.877336,44.124096],[-78.877601,44.124371],[-78.878472,44.124477],[-78.878868,44.124944],[-78.878951,44.125422],[-78.878922,44.125872],[-78.879192,44.126021],[-78.879652,44.12539],[-78.880079,44.124984],[-78.880221,44.125194],[-78.879807,44.125591],[-78.880067,44.12601],[-78.879597,44.125858],[-78.879497,44.126225],[-78.879617,44.126362],[-78.879699,44.12721],[-78.879593,44.127739],[-78.879984,44.127629],[-78.879884,44.127988],[-78.879437,44.127907],[-78.878716,44.128497],[-78.87841,44.129014],[-78.877879,44.129526],[-78.877333,44.129759],[-78.877578,44.129907],[-78.877504,44.130905],[-78.877324,44.131406],[-78.876668,44.132258],[-78.87635,44.132433],[-78.875854,44.133017],[-78.875419,44.133297],[-78.875312,44.133485],[-78.874692,44.133689],[-78.874233,44.133951],[-78.873816,44.134069],[-78.873778,44.134419],[-78.874245,44.134662],[-78.873855,44.134709],[-78.873651,44.134471],[-78.873463,44.134495],[-78.8729,44.134853],[-78.873055,44.135423],[-78.872596,44.134974],[-78.87221,44.135263],[-78.87125,44.136254],[-78.87092,44.136725],[-78.870334,44.137389],[-78.870213,44.137621],[-78.869721,44.13808],[-78.868347,44.139108],[-78.867882,44.139504],[-78.867491,44.139956],[-78.866607,44.140561],[-78.866304,44.140636],[-78.866346,44.140844],[-78.865977,44.141377],[-78.864951,44.142456],[-78.864026,44.143132],[-78.863851,44.14348],[-78.862761,44.143892],[-78.862597,44.144258],[-78.862043,44.144734],[-78.861765,44.14481],[-78.861265,44.145151],[-78.860349,44.145936],[-78.860358,44.146035],[-78.859765,44.146528],[-78.859409,44.147043],[-78.858661,44.147728],[-78.858133,44.148405],[-78.858138,44.148685],[-78.858466,44.149324],[-78.858707,44.150262],[-78.858736,44.150714],[-78.85848,44.151027],[-78.85877,44.151462],[-78.85891,44.151851],[-78.858768,44.152649],[-78.858485,44.152887],[-78.858399,44.153182],[-78.858661,44.154232],[-78.858765,44.15517],[-78.858724,44.155601],[-78.859062,44.156292],[-78.859078,44.157229],[-78.859342,44.15754],[-78.859632,44.158157],[-78.859957,44.158062],[-78.860193,44.158204],[-78.859673,44.158401],[-78.859746,44.158817],[-78.860173,44.158762],[-78.860309,44.159151],[-78.860263,44.159393],[-78.859946,44.159856],[-78.860117,44.160651],[-78.859934,44.161566],[-78.860111,44.1622],[-78.860231,44.163048],[-78.860089,44.163815],[-78.859685,44.164371],[-78.859914,44.164887],[-78.859641,44.166566],[-78.859647,44.166888],[-78.858981,44.167868],[-78.858714,44.168692],[-78.858484,44.169155],[-78.858469,44.16956],[-78.859606,44.171004],[-78.859682,44.171645],[-78.860132,44.172364],[-78.861045,44.172236],[-78.861107,44.172365],[-78.859984,44.17265],[-78.860107,44.173408],[-78.860393,44.174467],[-78.860667,44.17521],[-78.860678,44.175598],[-78.860878,44.176443],[-78.860823,44.1767],[-78.86034,44.177191],[-78.860421,44.177687],[-78.86112,44.177997],[-78.861433,44.17825],[-78.861572,44.178558],[-78.861571,44.17891],[-78.86132,44.179301],[-78.861241,44.17975],[-78.861625,44.180558],[-78.862155,44.180415],[-78.862303,44.180481],[-78.861754,44.180786],[-78.862294,44.18247],[-78.86214,44.183251],[-78.862483,44.183806],[-78.862377,44.183966],[-78.862424,44.184399],[-78.862738,44.185062],[-78.863195,44.185557],[-78.863115,44.186393],[-78.862976,44.186777],[-78.862996,44.187255],[-78.862802,44.18744],[-78.862816,44.188098],[-78.862381,44.188711],[-78.862358,44.189701],[-78.862249,44.189933],[-78.863607,44.18976],[-78.864568,44.189463],[-78.864659,44.189726],[-78.863913,44.189928],[-78.863125,44.189931],[-78.861941,44.190143],[-78.861659,44.190669],[-78.862163,44.190579],[-78.862069,44.190758],[-78.861411,44.190962],[-78.861285,44.191328],[-78.862757,44.191104],[-78.862723,44.191013],[-78.863253,44.190897],[-78.863264,44.191284],[-78.862144,44.191461],[-78.861536,44.191648],[-78.861306,44.191446],[-78.861106,44.191784],[-78.860938,44.192636],[-78.860785,44.193038],[-78.860736,44.193704],[-78.860219,44.194522],[-78.860168,44.195224],[-78.86007,44.19551],[-78.860199,44.1968],[-78.859995,44.198281],[-78.86006,44.200299],[-78.859823,44.200619],[-78.859625,44.201588],[-78.859537,44.203314],[-78.859632,44.204514],[-78.859742,44.204939],[-78.859594,44.206242],[-78.859869,44.207984],[-78.859859,44.208623],[-78.859956,44.20939],[-78.860829,44.210865],[-78.860835,44.211045],[-78.86116,44.211412],[-78.861244,44.211836],[-78.86155,44.212373],[-78.861547,44.212805],[-78.862033,44.213219],[-78.862261,44.213836],[-78.862938,44.214488],[-78.863631,44.214717],[-78.864333,44.215036],[-78.865534,44.216085],[-78.866283,44.216171],[-78.866886,44.216101],[-78.86722,44.216197],[-78.86771,44.215801],[-78.868405,44.215634],[-78.869015,44.215367],[-78.869434,44.215563],[-78.869569,44.215296],[-78.869955,44.214997],[-78.870591,44.215414],[-78.870534,44.215602],[-78.870988,44.215871],[-78.870758,44.215984],[-78.871222,44.216677],[-78.871506,44.216772],[-78.871945,44.217096],[-78.872833,44.217112],[-78.873468,44.216881],[-78.873956,44.216872],[-78.875241,44.217328],[-78.875322,44.217537],[-78.87589,44.217412],[-78.876359,44.217223],[-78.877515,44.216065],[-78.878568,44.214302],[-78.878604,44.213988],[-78.8789,44.213399],[-78.87878,44.213262],[-78.879143,44.213259],[-78.879133,44.213529],[-78.878878,44.213668],[-78.879729,44.213675],[-78.880433,44.213589],[-78.881049,44.21316],[-78.881669,44.212973],[-78.882018,44.213034],[-78.88245,44.212843],[-78.882405,44.212356],[-78.882664,44.212127],[-78.882608,44.211928],[-78.882854,44.211708],[-78.883,44.210765],[-78.882855,44.210276],[-78.88302,44.210225],[-78.883233,44.210553],[-78.88311,44.212253],[-78.882655,44.212856],[-78.882838,44.213193],[-78.882706,44.213379],[-78.88318,44.213442],[-78.883993,44.213097],[-78.884219,44.213092],[-78.88513,44.212119],[-78.88541,44.211638],[-78.885779,44.210429],[-78.886308,44.20998],[-78.88657,44.209661],[-78.887121,44.209302],[-78.88805,44.208878],[-78.8885,44.208886],[-78.889175,44.208557],[-78.8896,44.208213],[-78.889906,44.207715],[-78.890702,44.206793],[-78.891029,44.206052],[-78.891402,44.20542],[-78.891557,44.205296],[-78.89182,44.204581],[-78.892271,44.203878],[-78.89241,44.203485],[-78.892755,44.202942],[-78.892899,44.202413],[-78.893388,44.201684],[-78.89427,44.200098],[-78.894662,44.199304],[-78.894624,44.198934],[-78.894771,44.197991],[-78.894567,44.197735],[-78.894983,44.198004],[-78.894839,44.198893],[-78.894925,44.198939],[-78.895379,44.198489],[-78.895582,44.197349],[-78.896403,44.196437],[-78.895207,44.196271],[-78.895239,44.1961],[-78.895928,44.196059],[-78.895821,44.195913],[-78.895396,44.195887],[-78.89595,44.195807],[-78.896054,44.196043],[-78.896549,44.196205],[-78.896717,44.195704],[-78.896965,44.195403],[-78.896818,44.195328],[-78.895834,44.195553],[-78.895813,44.195436],[-78.89696,44.195196],[-78.896979,44.194674],[-78.897166,44.194335],[-78.897597,44.193839],[-78.89718,44.19393],[-78.897125,44.194064],[-78.896269,44.194229],[-78.895723,44.194435],[-78.895793,44.194229],[-78.896453,44.193971],[-78.897514,44.193693],[-78.897406,44.193214],[-78.897451,44.192657],[-78.897702,44.192274],[-78.898088,44.191966],[-78.898392,44.191882],[-78.899284,44.191412],[-78.899232,44.191132],[-78.899338,44.190612],[-78.900073,44.190346],[-78.90021,44.190367],[-78.900808,44.189748],[-78.901429,44.189507],[-78.902302,44.188884],[-78.902281,44.188766],[-78.901612,44.188925],[-78.901459,44.188328],[-78.901778,44.188127],[-78.901028,44.18778],[-78.901446,44.187626],[-78.901687,44.187882],[-78.902475,44.187897],[-78.902866,44.187796],[-78.902767,44.188118],[-78.90241,44.18831],[-78.902579,44.188493],[-78.902971,44.188383],[-78.903811,44.187624],[-78.903833,44.187345],[-78.904083,44.18699],[-78.904456,44.186718],[-78.904548,44.186251],[-78.904437,44.185844],[-78.904781,44.185301],[-78.904885,44.184862],[-78.905751,44.184068],[-78.905891,44.183638],[-78.905823,44.183097],[-78.905556,44.182858],[-78.905763,44.182672],[-78.905693,44.182158],[-78.905522,44.182038],[-78.90533,44.181458],[-78.905814,44.17981],[-78.906163,44.179501],[-78.906201,44.179124],[-78.90643,44.178651],[-78.907228,44.178027],[-78.908122,44.177521],[-78.908424,44.177463],[-78.909108,44.177584],[-78.909612,44.177476],[-78.910286,44.177155],[-78.910878,44.176707],[-78.911887,44.175402],[-78.912054,44.174928],[-78.9121,44.174325],[-78.912431,44.172747],[-78.912264,44.172168],[-78.911953,44.171766],[-78.911195,44.171608],[-78.910767,44.171339],[-78.910653,44.170671],[-78.910219,44.170213],[-78.909927,44.169631],[-78.909857,44.168414],[-78.909971,44.168011],[-78.909724,44.167575],[-78.908979,44.167417],[-78.908555,44.16704],[-78.908989,44.167129],[-78.909192,44.167403],[-78.909875,44.16755],[-78.910427,44.166786],[-78.910922,44.166246],[-78.911073,44.165853],[-78.911252,44.165739],[-78.911474,44.165131],[-78.911101,44.164359],[-78.910771,44.164497],[-78.910473,44.164788],[-78.910385,44.165156],[-78.909818,44.165632],[-78.909306,44.165947],[-78.90758,44.166653],[-78.906697,44.166511],[-78.906636,44.166132],[-78.907026,44.1664],[-78.907674,44.166475],[-78.908944,44.165922],[-78.910085,44.16515],[-78.91029,44.164659],[-78.91055,44.164385],[-78.910312,44.16366],[-78.9105,44.163673],[-78.910714,44.163965],[-78.910754,44.164271],[-78.911017,44.164258],[-78.911077,44.163962],[-78.910533,44.163079],[-78.91103,44.162476],[-78.911276,44.162597],[-78.910885,44.163031],[-78.91071,44.163028],[-78.911043,44.163502],[-78.911276,44.163291],[-78.912204,44.162155],[-78.91171,44.161993],[-78.911802,44.161869],[-78.912296,44.16204],[-78.912423,44.16197],[-78.912373,44.161618],[-78.91274,44.161508],[-78.91314,44.16162],[-78.91242,44.162429],[-78.911774,44.163363],[-78.911873,44.163401],[-78.911379,44.163923],[-78.911655,44.164612],[-78.911962,44.164771],[-78.912287,44.164759],[-78.913297,44.164156],[-78.913597,44.16381],[-78.914008,44.162782],[-78.914242,44.161823],[-78.914245,44.161382],[-78.914092,44.161118],[-78.913431,44.161048],[-78.913174,44.160675],[-78.913843,44.159304],[-78.914225,44.158762],[-78.914499,44.157714],[-78.914595,44.156629],[-78.914463,44.156143],[-78.914142,44.155727],[-78.913851,44.155181],[-78.913672,44.154205],[-78.913635,44.153502],[-78.913733,44.152127],[-78.913891,44.151896],[-78.913842,44.150805],[-78.913918,44.150438],[-78.914051,44.149144],[-78.913902,44.148754],[-78.913506,44.148638],[-78.912363,44.148437],[-78.911987,44.14844],[-78.911216,44.148696],[-78.911455,44.148277],[-78.911789,44.148049],[-78.911895,44.147502],[-78.911637,44.147371],[-78.911791,44.146905],[-78.91301,44.146379],[-78.913514,44.146262],[-78.913925,44.145963],[-78.914447,44.145361],[-78.915057,44.144012],[-78.915343,44.143693],[-78.915444,44.143299],[-78.915616,44.14197],[-78.915809,44.141469],[-78.916173,44.141071],[-78.917063,44.139565],[-78.91763,44.138396],[-78.918108,44.137225],[-78.918406,44.136232],[-78.918672,44.135066],[-78.919033,44.134388],[-78.919401,44.133873],[-78.919941,44.133451],[-78.920356,44.132675],[-78.920752,44.132412],[-78.920941,44.132028],[-78.920951,44.131749],[-78.920453,44.131686],[-78.92062,44.131554],[-78.921046,44.131526],[-78.921249,44.13108],[-78.921383,44.130461],[-78.922069,44.129078],[-78.922466,44.128104],[-78.922634,44.127954],[-78.923443,44.127689],[-78.92407,44.127269],[-78.924129,44.127018],[-78.924652,44.126721],[-78.925077,44.12635],[-78.92529,44.126345],[-78.925623,44.126108],[-78.92593,44.125565],[-78.926587,44.124649],[-78.927133,44.123669],[-78.92758,44.122696],[-78.928038,44.122119],[-78.928488,44.12174],[-78.928825,44.121044],[-78.929198,44.119673],[-78.929332,44.119405],[-78.929458,44.11794],[-78.929706,44.116936],[-78.929656,44.116575],[-78.929666,44.115216],[-78.929543,44.114791],[-78.929506,44.11371],[-78.929572,44.113261],[-78.929436,44.112493],[-78.929386,44.11179],[-78.929463,44.110999],[-78.92928,44.110149],[-78.928964,44.109558],[-78.928799,44.108547],[-78.928669,44.108338],[-78.928654,44.107698],[-78.928516,44.107344],[-78.928904,44.106622],[-78.929237,44.106367],[-78.929641,44.106266],[-78.929733,44.106124],[-78.929343,44.105856],[-78.928923,44.105722],[-78.928219,44.106196],[-78.928317,44.1059],[-78.928131,44.105843],[-78.928291,44.105549],[-78.927945,44.105443],[-78.927949,44.104984],[-78.927709,44.104683],[-78.927769,44.104396],[-78.92808,44.104095],[-78.928805,44.103696],[-78.929538,44.10344],[-78.930444,44.103286],[-78.931238,44.103262],[-78.931813,44.103174],[-78.932711,44.102793],[-78.933734,44.10282],[-78.93434,44.102651],[-78.935018,44.102564],[-78.935563,44.102682],[-78.935965,44.102978],[-78.936847,44.103489],[-78.937332,44.103552],[-78.937737,44.103415],[-78.938522,44.102976],[-78.938993,44.102861],[-78.939669,44.10354],[-78.939941,44.103671],[-78.940171,44.104253],[-78.940439,44.1044],[-78.940708,44.104927],[-78.941222,44.105611],[-78.941441,44.1058],[-78.940844,44.106046],[-78.941346,44.105974],[-78.941595,44.106735],[-78.941596,44.10741],[-78.941824,44.107413],[-78.9419,44.107706],[-78.941652,44.108032],[-78.941898,44.108433],[-78.942631,44.108572],[-78.943189,44.108407],[-78.94319,44.108312],[-78.944157,44.107509],[-78.944433,44.107523],[-78.944372,44.107799],[-78.944827,44.1079],[-78.945351,44.108333],[-78.946135,44.108816],[-78.946544,44.108903],[-78.946979,44.109487],[-78.947575,44.109399],[-78.948205,44.109617],[-78.948135,44.110192],[-78.947253,44.110041],[-78.946848,44.110243],[-78.946459,44.111096],[-78.946028,44.111496],[-78.945837,44.112149],[-78.945658,44.112285],[-78.945177,44.11299],[-78.944944,44.113565],[-78.944735,44.114552],[-78.944831,44.115346],[-78.945222,44.116019],[-78.945461,44.116273],[-78.946806,44.116465],[-78.946987,44.116645],[-78.947127,44.117107],[-78.946705,44.117638],[-78.946577,44.118224],[-78.946148,44.119574],[-78.945668,44.120808],[-78.945357,44.121271],[-78.944906,44.121532],[-78.945107,44.121842],[-78.945853,44.122046],[-78.946289,44.122025],[-78.947241,44.122294],[-78.947517,44.12229],[-78.948728,44.122036],[-78.949279,44.122009],[-78.950249,44.122069],[-78.950745,44.122177],[-78.950933,44.122017],[-78.95119,44.122212],[-78.951642,44.122196],[-78.951627,44.122048],[-78.951958,44.121632],[-78.951909,44.121406],[-78.952131,44.121329],[-78.952075,44.121679],[-78.95234,44.121945],[-78.952593,44.121868],[-78.952683,44.121513],[-78.953069,44.121472],[-78.953537,44.120958],[-78.953758,44.12107],[-78.953284,44.121404],[-78.952856,44.122048],[-78.953144,44.122399],[-78.953839,44.122341],[-78.954248,44.122438],[-78.953369,44.122666],[-78.953043,44.122957],[-78.952818,44.122611],[-78.952523,44.122812],[-78.952948,44.12318],[-78.953173,44.123166],[-78.953273,44.123537],[-78.952889,44.123318],[-78.952704,44.123734],[-78.952351,44.123458],[-78.95193,44.123471],[-78.951905,44.123711],[-78.952099,44.123867],[-78.952115,44.124138],[-78.951652,44.124147],[-78.951723,44.123896],[-78.951358,44.123602],[-78.950628,44.124111],[-78.950581,44.123909],[-78.951147,44.12358],[-78.950826,44.123097],[-78.950515,44.123219],[-78.950111,44.123165],[-78.949647,44.122858],[-78.949137,44.122779],[-78.94854,44.122894],[-78.948274,44.123159],[-78.947534,44.123218],[-78.946843,44.123044],[-78.946213,44.122753],[-78.945755,44.122628],[-78.945342,44.122656],[-78.944859,44.122954],[-78.944439,44.124211],[-78.944556,44.12455],[-78.945097,44.12496],[-78.945704,44.125126],[-78.945429,44.125374],[-78.944509,44.125405],[-78.944695,44.125796],[-78.945021,44.125676],[-78.945996,44.126044],[-78.945831,44.126203],[-78.944758,44.126352],[-78.944226,44.126355],[-78.944048,44.12645],[-78.943787,44.127112],[-78.943388,44.127727],[-78.942068,44.129125],[-78.941218,44.13019],[-78.940496,44.130825],[-78.940215,44.131206],[-78.939758,44.131588],[-78.93962,44.131935],[-78.939245,44.132279],[-78.938617,44.133317],[-78.938255,44.133792],[-78.937315,44.134585],[-78.937087,44.13504],[-78.936389,44.136054],[-78.936168,44.136284],[-78.935601,44.137129],[-78.935455,44.137738],[-78.934991,44.138513],[-78.934928,44.138863],[-78.934461,44.139719],[-78.934273,44.140436],[-78.934233,44.140867],[-78.934068,44.141297],[-78.933562,44.141846],[-78.933697,44.142271],[-78.933602,44.142855],[-78.933701,44.145026],[-78.933656,44.145602],[-78.933301,44.146081],[-78.932965,44.146777],[-78.932438,44.147182],[-78.932293,44.147387],[-78.931598,44.147959],[-78.931371,44.148738],[-78.931427,44.14927],[-78.931454,44.150648],[-78.931176,44.151085],[-78.931539,44.151793],[-78.93155,44.152559],[-78.931162,44.153641],[-78.931021,44.154467],[-78.931275,44.155057],[-78.931418,44.155987],[-78.931553,44.156394],[-78.931405,44.157076],[-78.931723,44.157271],[-78.931867,44.157795],[-78.931935,44.159066],[-78.932153,44.159637],[-78.932439,44.160038],[-78.932177,44.160385],[-78.932018,44.160985],[-78.931475,44.162218],[-78.931484,44.162326],[-78.930739,44.163609],[-78.930215,44.165004],[-78.929973,44.165486],[-78.92955,44.166126],[-78.929325,44.166824],[-78.929159,44.166947],[-78.928663,44.16777],[-78.930043,44.170993],[-78.935076,44.18293],[-78.935715,44.184319],[-78.936799,44.186903],[-78.93679,44.187171],[-78.937172,44.188074],[-78.937296,44.188535],[-78.937967,44.190049],[-78.942039,44.198558],[-78.942069,44.198766],[-78.942424,44.1996],[-78.945949,44.206551],[-78.94605,44.206919],[-78.946909,44.208758],[-78.947561,44.209957],[-78.947719,44.210464],[-78.948683,44.212624],[-78.952309,44.220693],[-78.955715,44.219934],[-78.959653,44.219014],[-78.968042,44.217174],[-78.969556,44.216823],[-78.972645,44.216167],[-78.97325,44.216061],[-78.976466,44.215352],[-78.979527,44.214776],[-78.98031,44.214592],[-78.986333,44.213384],[-78.987343,44.213159],[-78.993253,44.212011],[-78.994563,44.211782],[-79.005453,44.209551],[-79.02453,44.205381],[-79.028728,44.204482],[-79.04121,44.201725],[-79.079992,44.192931],[-79.080362,44.192721],[-79.090496,44.190451],[-79.101134,44.188053],[-79.115284,44.18493],[-79.122467,44.183319]]],[[[-78.855015,44.138543],[-78.855261,44.138989],[-78.855258,44.139421],[-78.856039,44.141344],[-78.857865,44.139929],[-78.858633,44.13943],[-78.858738,44.138964],[-78.859057,44.13843],[-78.858733,44.138046],[-78.859132,44.13808],[-78.858955,44.137807],[-78.858598,44.137638],[-78.858645,44.137369],[-78.859096,44.137008],[-78.8588,44.136913],[-78.85864,44.136486],[-78.858793,44.136048],[-78.858214,44.135821],[-78.857988,44.135484],[-78.857767,44.135381],[-78.858011,44.135214],[-78.858246,44.135282],[-78.858245,44.134957],[-78.857986,44.134511],[-78.857838,44.134473],[-78.857274,44.13484],[-78.856932,44.135329],[-78.856931,44.13568],[-78.857207,44.136018],[-78.856836,44.136237],[-78.856461,44.136238],[-78.856336,44.136578],[-78.856077,44.136825],[-78.855289,44.13718],[-78.855015,44.138543]]],[[[-78.858714,44.134768],[-78.858896,44.134925],[-78.859112,44.134839],[-78.859391,44.13506],[-78.858881,44.135005],[-78.858825,44.135157],[-78.859048,44.135558],[-78.859341,44.13577],[-78.859842,44.135744],[-78.860148,44.135578],[-78.860473,44.135575],[-78.860203,44.135084],[-78.860389,44.134448],[-78.859821,44.134231],[-78.859048,44.13418],[-78.859253,44.134742],[-78.858714,44.134768]]],[[[-78.85893,44.137455],[-78.859272,44.138029],[-78.859161,44.138324],[-78.859417,44.138148],[-78.859535,44.137674],[-78.859316,44.13784],[-78.859458,44.137375],[-78.859813,44.136877],[-78.860202,44.136498],[-78.860417,44.136439],[-78.860565,44.136153],[-78.860345,44.136005],[-78.859857,44.136374],[-78.859683,44.136668],[-78.859303,44.136805],[-78.85893,44.137455]]],[[[-78.857679,44.133668],[-78.857841,44.134023],[-78.858574,44.134144],[-78.858292,44.133644],[-78.857679,44.133668]]],[[[-78.861607,44.125288],[-78.861728,44.125389],[-78.862232,44.125264],[-78.862493,44.124981],[-78.862117,44.12501],[-78.861607,44.125288]]]]},"properties":{"id":"scugog","name":"Scugog"}},{"type":"Feature","geometry":{"type":"Polygon","coordinates":[[[-79.133784,43.806181],[-79.133826,43.806042],[-79.133957,43.805748],[-79.134178,43.805059],[-79.134237,43.804582],[-79.134237,43.804122],[-79.133654,43.803229],[-79.133596,43.802928],[-79.134214,43.802214],[-79.134354,43.802134],[-79.134566,43.801905],[-79.135367,43.801275],[-79.135469,43.801078],[-79.135412,43.800907],[-79.135267,43.800779],[-79.135072,43.80071],[-79.134712,43.800786],[-79.133621,43.801092],[-79.133294,43.801203],[-79.132073,43.801716],[-79.131369,43.801865],[-79.131016,43.801853],[-79.129786,43.80147],[-79.129002,43.80104],[-79.128364,43.80066],[-79.127724,43.800358],[-79.127391,43.800233],[-79.126718,43.800181],[-79.126388,43.800223],[-79.125768,43.800344],[-79.125505,43.800327],[-79.125059,43.800118],[-79.124661,43.799718],[-79.124496,43.799471],[-79.124374,43.799377],[-79.12426,43.799228],[-79.124153,43.79912],[-79.124102,43.798917],[-79.124124,43.798721],[-79.124098,43.798518],[-79.124435,43.79772],[-79.124181,43.797441],[-79.123632,43.797235],[-79.123184,43.79724],[-79.122561,43.797444],[-79.122205,43.797516],[-79.121668,43.797413],[-79.12107,43.797015],[-79.120625,43.796501],[-79.120293,43.7963],[-79.120114,43.795836],[-79.120211,43.795695],[-79.12039,43.795616],[-79.120955,43.795435],[-79.121213,43.79532],[-79.121341,43.795191],[-79.121305,43.795018],[-79.121139,43.794824],[-79.120935,43.794744],[-79.120212,43.794738],[-79.119767,43.794772],[-79.119356,43.794777],[-79.117664,43.794457],[-79.117343,43.79447],[-79.117135,43.794556],[-79.1165,43.794861],[-79.11601,43.795032],[-79.115524,43.795059],[-79.115378,43.795019],[-79.115126,43.79464],[-79.114638,43.794788],[-79.114201,43.795032],[-79.113726,43.795624],[-79.113258,43.795953],[-79.112168,43.796931],[-79.111985,43.796965],[-79.11052,43.797818],[-79.109947,43.798301],[-79.109418,43.798347],[-79.108905,43.798487],[-79.108533,43.798791],[-79.107964,43.799616],[-79.107945,43.799961],[-79.107632,43.800431],[-79.10677,43.801245],[-79.106509,43.80142],[-79.105506,43.80261],[-79.105206,43.802845],[-79.104197,43.803921],[-79.104009,43.804191],[-79.103021,43.805096],[-79.102158,43.805822],[-79.101135,43.806494],[-79.100847,43.806558],[-79.099672,43.807768],[-79.099191,43.80806],[-79.098553,43.808692],[-79.097197,43.809543],[-79.097201,43.809632],[-79.096269,43.810222],[-79.095521,43.810558],[-79.094267,43.811226],[-79.093252,43.811637],[-79.091846,43.812086],[-79.090627,43.812331],[-79.089514,43.812476],[-79.08836,43.81254],[-79.086512,43.812468],[-79.086601,43.813279],[-79.086791,43.813526],[-79.087368,43.813482],[-79.087496,43.813314],[-79.087908,43.813331],[-79.08865,43.81311],[-79.089109,43.813041],[-79.089367,43.813212],[-79.09,43.812973],[-79.091121,43.81268],[-79.091656,43.812607],[-79.093381,43.81216],[-79.093758,43.812121],[-79.09453,43.811743],[-79.094956,43.811787],[-79.094815,43.811479],[-79.095166,43.811624],[-79.095184,43.811832],[-79.095485,43.811688],[-79.095257,43.811492],[-79.095743,43.811329],[-79.095743,43.811586],[-79.096014,43.811852],[-79.095469,43.811932],[-79.095127,43.812093],[-79.095136,43.812314],[-79.095522,43.81235],[-79.095686,43.813121],[-79.096272,43.813065],[-79.096291,43.813238],[-79.095801,43.813397],[-79.096149,43.813832],[-79.096505,43.813742],[-79.096508,43.813921],[-79.096993,43.814959],[-79.097225,43.815178],[-79.097246,43.816071],[-79.097416,43.81642],[-79.097322,43.816769],[-79.097519,43.817053],[-79.097173,43.817065],[-79.096728,43.817593],[-79.096579,43.818145],[-79.096666,43.818527],[-79.096908,43.818668],[-79.096356,43.819225],[-79.096337,43.819558],[-79.096619,43.820254],[-79.096348,43.820749],[-79.096129,43.820668],[-79.09604,43.820869],[-79.096327,43.821178],[-79.096414,43.821525],[-79.096767,43.821816],[-79.097083,43.821702],[-79.097377,43.821005],[-79.097235,43.820818],[-79.097295,43.820473],[-79.096987,43.820319],[-79.096883,43.819972],[-79.097032,43.819689],[-79.096777,43.819178],[-79.096996,43.819271],[-79.09712,43.81978],[-79.09749,43.820542],[-79.097407,43.820838],[-79.09755,43.820978],[-79.097524,43.821537],[-79.097982,43.821878],[-79.097959,43.822098],[-79.098251,43.82224],[-79.098341,43.822492],[-79.097847,43.823204],[-79.098017,43.823391],[-79.097625,43.823691],[-79.096907,43.823879],[-79.096489,43.823819],[-79.096075,43.823913],[-79.095869,43.824172],[-79.095447,43.824022],[-79.095556,43.824196],[-79.095123,43.824094],[-79.09497,43.823734],[-79.094702,43.823634],[-79.094409,43.82301],[-79.092894,43.823312],[-79.092611,43.823164],[-79.092364,43.822398],[-79.09244,43.822084],[-79.092699,43.821975],[-79.092405,43.821904],[-79.092115,43.822221],[-79.092062,43.822584],[-79.091439,43.82277],[-79.091848,43.82233],[-79.091725,43.822066],[-79.091228,43.822445],[-79.09106,43.822793],[-79.091184,43.823027],[-79.090711,43.82318],[-79.091063,43.82296],[-79.090934,43.822618],[-79.091398,43.821995],[-79.091371,43.82181],[-79.091649,43.821618],[-79.090906,43.821433],[-79.090835,43.821074],[-79.09019,43.820682],[-79.090431,43.820597],[-79.091046,43.820905],[-79.091055,43.821161],[-79.091351,43.82116],[-79.091675,43.821326],[-79.09233,43.821159],[-79.091982,43.820962],[-79.091547,43.820431],[-79.090925,43.820587],[-79.090698,43.820494],[-79.090991,43.820326],[-79.090848,43.819889],[-79.090532,43.819765],[-79.089972,43.820018],[-79.089937,43.82035],[-79.089493,43.820105],[-79.089901,43.819695],[-79.090632,43.819439],[-79.090492,43.819198],[-79.090111,43.819287],[-79.089628,43.819226],[-79.089553,43.818998],[-79.090226,43.818777],[-79.090184,43.818544],[-79.089523,43.818628],[-79.089479,43.818741],[-79.088804,43.818491],[-79.088454,43.818116],[-79.088091,43.81814],[-79.087609,43.817792],[-79.08665,43.817687],[-79.086478,43.817404],[-79.086216,43.817352],[-79.086716,43.817164],[-79.086648,43.816978],[-79.085723,43.816587],[-79.085653,43.816717],[-79.085184,43.816447],[-79.085311,43.816348],[-79.084641,43.815962],[-79.084539,43.816049],[-79.084089,43.815371],[-79.08361,43.814906],[-79.08329,43.81498],[-79.083148,43.814531],[-79.08297,43.814445],[-79.082147,43.813705],[-79.081832,43.813777],[-79.081748,43.813573],[-79.081342,43.813661],[-79.08119,43.813278],[-79.080718,43.813365],[-79.0805,43.812954],[-79.080034,43.813169],[-79.079113,43.813147],[-79.07893,43.813228],[-79.078745,43.813618],[-79.078552,43.813739],[-79.078136,43.813625],[-79.078004,43.813361],[-79.07788,43.813663],[-79.078795,43.814101],[-79.078923,43.814478],[-79.078596,43.814413],[-79.078482,43.814102],[-79.077572,43.813753],[-79.077736,43.813255],[-79.077165,43.813127],[-79.077121,43.813459],[-79.076909,43.813402],[-79.076998,43.812939],[-79.076813,43.812817],[-79.076205,43.812783],[-79.076197,43.813057],[-79.076539,43.813152],[-79.076274,43.813475],[-79.076341,43.813696],[-79.077247,43.81389],[-79.076906,43.814022],[-79.076599,43.813838],[-79.076355,43.814012],[-79.076725,43.814275],[-79.076396,43.814519],[-79.076571,43.814713],[-79.076425,43.814895],[-79.077118,43.815085],[-79.077975,43.815558],[-79.07861,43.815509],[-79.079051,43.815362],[-79.079074,43.81591],[-79.078632,43.816105],[-79.078315,43.815725],[-79.077822,43.815728],[-79.077125,43.815389],[-79.076709,43.815293],[-79.076574,43.815392],[-79.076906,43.81582],[-79.077133,43.815907],[-79.077316,43.816369],[-79.077154,43.816789],[-79.076704,43.817228],[-79.07667,43.817519],[-79.076138,43.817689],[-79.07547,43.818005],[-79.075589,43.818144],[-79.07522,43.81812],[-79.074241,43.818378],[-79.073683,43.818577],[-79.072845,43.819087],[-79.072431,43.819151],[-79.072318,43.818846],[-79.072573,43.818564],[-79.073035,43.818542],[-79.074733,43.817648],[-79.075247,43.817281],[-79.075774,43.816754],[-79.075678,43.816395],[-79.075146,43.816076],[-79.074771,43.815713],[-79.074778,43.815236],[-79.07437,43.814604],[-79.074418,43.813908],[-79.074838,43.813612],[-79.07519,43.813677],[-79.075191,43.813391],[-79.075437,43.813145],[-79.075161,43.812795],[-79.075183,43.812361],[-79.075394,43.812197],[-79.075036,43.81206],[-79.075107,43.811907],[-79.076125,43.811948],[-79.076369,43.812059],[-79.07757,43.812282],[-79.077755,43.812428],[-79.078875,43.812637],[-79.079508,43.81263],[-79.08004,43.812704],[-79.080249,43.812869],[-79.080519,43.8128],[-79.081532,43.812789],[-79.082231,43.812895],[-79.082626,43.812788],[-79.083885,43.812829],[-79.084408,43.812706],[-79.085058,43.812693],[-79.08539,43.812854],[-79.085476,43.813498],[-79.085913,43.813464],[-79.086097,43.812324],[-79.085935,43.811749],[-79.085748,43.811937],[-79.084729,43.812182],[-79.083672,43.812356],[-79.082317,43.812411],[-79.080578,43.81235],[-79.078645,43.812109],[-79.077812,43.811917],[-79.075964,43.811606],[-79.075021,43.8115],[-79.073818,43.811313],[-79.072373,43.810985],[-79.071941,43.810824],[-79.071528,43.811364],[-79.071067,43.811136],[-79.071415,43.810803],[-79.071289,43.810616],[-79.071483,43.810208],[-79.071923,43.810079],[-79.071701,43.809849],[-79.071834,43.809279],[-79.071093,43.80904],[-79.070445,43.809006],[-79.070322,43.808462],[-79.071105,43.806385],[-79.07086,43.806333],[-79.070407,43.807623],[-79.070069,43.80841],[-79.070062,43.808892],[-79.069749,43.808911],[-79.06903,43.808773],[-79.068975,43.808695],[-79.067913,43.808457],[-79.067192,43.808367],[-79.065396,43.807997],[-79.065019,43.808181],[-79.064897,43.808382],[-79.063721,43.808153],[-79.063912,43.807573],[-79.063664,43.807378],[-79.06452,43.807095],[-79.064841,43.807089],[-79.066034,43.807311],[-79.066752,43.807502],[-79.069007,43.807945],[-79.069197,43.807907],[-79.069453,43.807387],[-79.06985,43.806274],[-79.069629,43.806264],[-79.069034,43.807609],[-79.068418,43.807581],[-79.067037,43.807314],[-79.065682,43.807011],[-79.065602,43.80692],[-79.064803,43.806704],[-79.063339,43.806477],[-79.061215,43.806024],[-79.060503,43.806185],[-79.060352,43.806521],[-79.060566,43.807532],[-79.061107,43.809113],[-79.060626,43.809236],[-79.060478,43.808745],[-79.059909,43.807765],[-79.059754,43.807738],[-79.05893,43.808034],[-79.057323,43.808388],[-79.056341,43.808752],[-79.05523,43.809019],[-79.054548,43.809269],[-79.053837,43.809633],[-79.053431,43.809983],[-79.052801,43.810371],[-79.052186,43.810831],[-79.051742,43.811324],[-79.05094,43.811733],[-79.049488,43.812888],[-79.048643,43.813433],[-79.047257,43.814265],[-79.046817,43.81436],[-79.046637,43.814536],[-79.045603,43.814971],[-79.04479,43.815403],[-79.043602,43.815801],[-79.04262,43.815927],[-79.041606,43.815987],[-79.040177,43.815965],[-79.038686,43.815985],[-79.040234,43.819762],[-79.042695,43.825441],[-79.044358,43.829367],[-79.046002,43.833332],[-79.047243,43.836252],[-79.048149,43.837498],[-79.049279,43.840079],[-79.051292,43.844854],[-79.051848,43.846074],[-79.052108,43.846777],[-79.052962,43.846615],[-79.054151,43.846305],[-79.055078,43.845997],[-79.056387,43.845434],[-79.061324,43.843162],[-79.061527,43.84366],[-79.062058,43.844646],[-79.062074,43.844776],[-79.063189,43.847196],[-79.064185,43.849404],[-79.065047,43.851252],[-79.065411,43.85215],[-79.065388,43.852306],[-79.066599,43.855042],[-79.067846,43.854713],[-79.068319,43.854719],[-79.068808,43.854999],[-79.069729,43.855352],[-79.070151,43.855092],[-79.070132,43.854674],[-79.069732,43.854225],[-79.06967,43.853809],[-79.069954,43.853648],[-79.070843,43.8537],[-79.071022,43.853546],[-79.071154,43.853146],[-79.071322,43.853118],[-79.072381,43.855535],[-79.072249,43.855557],[-79.073078,43.857295],[-79.073449,43.857948],[-79.07488,43.861229],[-79.076015,43.863784],[-79.076616,43.865256],[-79.078184,43.868877],[-79.077815,43.868961],[-79.078356,43.870206],[-79.069768,43.875345],[-79.071464,43.879253],[-79.071868,43.880101],[-79.072974,43.882663],[-79.07497,43.887365],[-79.075136,43.887331],[-79.07528,43.887638],[-79.076594,43.890938],[-79.077006,43.892048],[-79.077991,43.894583],[-79.080485,43.89356],[-79.082626,43.89271],[-79.087086,43.903897],[-79.088234,43.903635],[-79.088508,43.904181],[-79.088353,43.904127],[-79.08085,43.905836],[-79.077398,43.906628],[-79.067759,43.908815],[-79.057652,43.911198],[-79.008478,43.922369],[-79.015059,43.936005],[-79.016889,43.940103],[-79.017246,43.941019],[-79.018488,43.943779],[-79.020777,43.948977],[-79.022447,43.952799],[-79.026818,43.962516],[-79.029428,43.968336],[-79.032658,43.975485],[-79.035627,43.982159],[-79.038456,43.988596],[-79.040444,43.993144],[-79.046396,44.007169],[-79.047311,44.00924],[-79.048016,44.010769],[-79.048964,44.010531],[-79.051026,44.010077],[-79.052767,44.009644],[-79.055332,44.009048],[-79.057237,44.008653],[-79.059541,44.00807],[-79.06928,44.005776],[-79.09934,43.998767],[-79.101513,43.998235],[-79.104377,43.997581],[-79.108605,43.996639],[-79.112859,43.995664],[-79.116614,43.994768],[-79.119194,43.994132],[-79.121574,43.993626],[-79.125529,43.992659],[-79.126948,43.992349],[-79.129283,43.991773],[-79.132419,43.99108],[-79.137982,43.989772],[-79.147965,43.987445],[-79.148834,43.987236],[-79.15641,43.985486],[-79.168139,43.982768],[-79.171968,43.981886],[-79.174214,43.981349],[-79.185864,43.978711],[-79.191059,43.977551],[-79.198904,43.975767],[-79.201838,43.97507],[-79.203629,43.974671],[-79.210113,43.97319],[-79.211775,43.972821],[-79.216076,43.971832],[-79.217848,43.97141],[-79.220043,43.970929],[-79.219821,43.970225],[-79.219255,43.968176],[-79.218181,43.964822],[-79.217412,43.962518],[-79.216933,43.961092],[-79.216279,43.959079],[-79.21565,43.957119],[-79.215021,43.95515],[-79.214804,43.954502],[-79.214443,43.95339],[-79.214286,43.952949],[-79.213619,43.951507],[-79.211987,43.947984],[-79.210803,43.945392],[-79.210422,43.944552],[-79.210005,43.943632],[-79.209507,43.942566],[-79.209114,43.941725],[-79.209061,43.941611],[-79.208578,43.940546],[-79.208336,43.940012],[-79.20797,43.939214],[-79.207917,43.939098],[-79.207586,43.938375],[-79.205946,43.934719],[-79.204107,43.930542],[-79.202993,43.928052],[-79.201614,43.92486],[-79.199644,43.920438],[-79.198988,43.919008],[-79.198395,43.91772],[-79.197157,43.915044],[-79.196333,43.913245],[-79.195151,43.910751],[-79.194762,43.90992],[-79.194235,43.908805],[-79.19418,43.908689],[-79.193825,43.90794],[-79.193716,43.907701],[-79.193635,43.907523],[-79.193585,43.907414],[-79.192798,43.905727],[-79.191943,43.903868],[-79.190407,43.900565],[-79.189828,43.899292],[-79.187526,43.894333],[-79.186803,43.892804],[-79.18605,43.891194],[-79.185867,43.890809],[-79.184247,43.887347],[-79.182609,43.883877],[-79.182013,43.88258],[-79.177744,43.872772],[-79.176776,43.870522],[-79.176283,43.869344],[-79.17597,43.868613],[-79.175855,43.868345],[-79.174592,43.865395],[-79.173892,43.863755],[-79.173647,43.863167],[-79.170806,43.856638],[-79.170308,43.855618],[-79.170283,43.855543],[-79.170256,43.855463],[-79.170254,43.855458],[-79.170193,43.85528],[-79.169962,43.854757],[-79.169915,43.854649],[-79.168254,43.851095],[-79.167894,43.850308],[-79.167552,43.849541],[-79.167398,43.849216],[-79.167231,43.848838],[-79.167204,43.848778],[-79.166966,43.848256],[-79.166819,43.847945],[-79.166604,43.847484],[-79.166483,43.847224],[-79.166049,43.846273],[-79.164627,43.843007],[-79.163847,43.841245],[-79.16194,43.837035],[-79.16144,43.835889],[-79.160449,43.83376],[-79.159599,43.831809],[-79.159559,43.831728],[-79.159552,43.831729],[-79.159546,43.831731],[-79.159163,43.830889],[-79.156368,43.824404],[-79.156086,43.823858],[-79.155572,43.822762],[-79.15407,43.819189],[-79.153265,43.816883],[-79.152138,43.814681],[-79.151896,43.814029],[-79.151413,43.814076],[-79.151326,43.81404],[-79.151109,43.813784],[-79.150818,43.813544],[-79.150416,43.81333],[-79.150123,43.813019],[-79.149775,43.812772],[-79.149135,43.812518],[-79.1487,43.812512],[-79.14827,43.812369],[-79.147232,43.811776],[-79.14643,43.811307],[-79.146027,43.810893],[-79.146045,43.810722],[-79.146329,43.810435],[-79.145989,43.810116],[-79.145059,43.810057],[-79.144038,43.810077],[-79.143774,43.810234],[-79.143398,43.810678],[-79.143236,43.810703],[-79.143089,43.810655],[-79.143155,43.810476],[-79.143134,43.810385],[-79.142763,43.810317],[-79.142664,43.810261],[-79.142644,43.810125],[-79.143043,43.810061],[-79.143189,43.809781],[-79.143166,43.809739],[-79.143009,43.809618],[-79.142627,43.809505],[-79.142404,43.809465],[-79.141927,43.809664],[-79.141889,43.809627],[-79.141911,43.809339],[-79.141814,43.809266],[-79.141476,43.809324],[-79.14121,43.809203],[-79.141073,43.809056],[-79.140632,43.808828],[-79.140587,43.808715],[-79.140626,43.808625],[-79.140621,43.808479],[-79.140497,43.808425],[-79.139266,43.808414],[-79.13912,43.80833],[-79.138842,43.808092],[-79.138445,43.808068],[-79.138285,43.807957],[-79.138228,43.807804],[-79.138231,43.807695],[-79.138125,43.807558],[-79.137849,43.807581],[-79.13764,43.807911],[-79.137503,43.807944],[-79.13738,43.807888],[-79.137285,43.807769],[-79.136962,43.807745],[-79.136302,43.80815],[-79.136043,43.808164],[-79.135782,43.808141],[-79.135027,43.807608],[-79.134832,43.80746],[-79.134464,43.807262],[-79.134258,43.807118],[-79.133998,43.806761],[-79.133913,43.806532],[-79.133784,43.806181]]]},"properties":{"id":"pickering","name":"Pickering"}},{"type":"Feature","geometry":{"type":"Polygon","coordinates":[[[-79.038686,43.815985],[-79.037215,43.815971],[-79.035969,43.816092],[-79.035557,43.816175],[-79.035123,43.81648],[-79.034718,43.817016],[-79.034265,43.816933],[-79.034695,43.816784],[-79.034622,43.816565],[-79.033672,43.816646],[-79.032409,43.816543],[-79.030537,43.816451],[-79.029295,43.816436],[-79.028007,43.816342],[-79.026296,43.816116],[-79.024753,43.815738],[-79.023963,43.815772],[-79.023639,43.815862],[-79.023133,43.816258],[-79.021757,43.817074],[-79.019998,43.817776],[-79.018838,43.818048],[-79.018092,43.818463],[-79.017667,43.818629],[-79.016246,43.819301],[-79.014398,43.819739],[-79.013502,43.819718],[-79.012966,43.819518],[-79.012602,43.819565],[-79.011461,43.819498],[-79.011079,43.819598],[-79.01019,43.820297],[-79.009496,43.820646],[-79.00906,43.820951],[-79.008681,43.821099],[-79.007826,43.821697],[-79.006754,43.822059],[-79.006141,43.822373],[-79.00583,43.822616],[-79.004457,43.82333],[-79.003664,43.823621],[-79.003072,43.823913],[-79.002522,43.824292],[-79.001453,43.824794],[-79.001005,43.824956],[-79.000319,43.825056],[-78.999653,43.825307],[-78.999286,43.825705],[-78.998073,43.826297],[-78.996816,43.826758],[-78.994305,43.827309],[-78.992865,43.827378],[-78.992208,43.827322],[-78.991423,43.827378],[-78.990713,43.827331],[-78.989737,43.827366],[-78.988592,43.827312],[-78.98759,43.827364],[-78.986942,43.827317],[-78.985916,43.827127],[-78.984519,43.827138],[-78.983844,43.827081],[-78.982883,43.827322],[-78.981745,43.827751],[-78.980555,43.827923],[-78.978831,43.828694],[-78.978453,43.82879],[-78.977176,43.829373],[-78.976352,43.829844],[-78.973952,43.831095],[-78.972992,43.831682],[-78.972379,43.831992],[-78.971608,43.832744],[-78.97063,43.833447],[-78.97087,43.833938],[-78.97348,43.840002],[-78.97451,43.842452],[-78.975843,43.845547],[-78.978207,43.851135],[-78.97887,43.852673],[-78.982623,43.861493],[-78.985878,43.869172],[-78.989535,43.877615],[-78.991438,43.882027],[-78.992318,43.883967],[-78.993602,43.887464],[-78.994259,43.889141],[-78.997642,43.896786],[-79.001314,43.905012],[-79.002292,43.907481],[-79.006481,43.917977],[-79.006971,43.919149],[-79.007952,43.921278],[-79.008478,43.922369],[-79.057652,43.911198],[-79.067759,43.908815],[-79.077398,43.906628],[-79.08085,43.905836],[-79.088353,43.904127],[-79.088508,43.904181],[-79.088234,43.903635],[-79.087086,43.903897],[-79.082626,43.89271],[-79.080485,43.89356],[-79.077991,43.894583],[-79.077006,43.892048],[-79.076594,43.890938],[-79.07528,43.887638],[-79.075136,43.887331],[-79.07497,43.887365],[-79.072974,43.882663],[-79.071868,43.880101],[-79.071464,43.879253],[-79.069768,43.875345],[-79.078356,43.870206],[-79.077815,43.868961],[-79.078184,43.868877],[-79.076616,43.865256],[-79.076015,43.863784],[-79.07488,43.861229],[-79.073449,43.857948],[-79.073078,43.857295],[-79.072249,43.855557],[-79.072381,43.855535],[-79.071322,43.853118],[-79.071154,43.853146],[-79.071022,43.853546],[-79.070843,43.8537],[-79.069954,43.853648],[-79.06967,43.853809],[-79.069732,43.854225],[-79.070132,43.854674],[-79.070151,43.855092],[-79.069729,43.855352],[-79.068808,43.854999],[-79.068319,43.854719],[-79.067846,43.854713],[-79.066599,43.855042],[-79.065388,43.852306],[-79.065411,43.85215],[-79.065047,43.851252],[-79.064185,43.849404],[-79.063189,43.847196],[-79.062074,43.844776],[-79.062058,43.844646],[-79.061527,43.84366],[-79.061324,43.843162],[-79.056387,43.845434],[-79.055078,43.845997],[-79.054151,43.846305],[-79.052962,43.846615],[-79.052108,43.846777],[-79.051848,43.846074],[-79.051292,43.844854],[-79.049279,43.840079],[-79.048149,43.837498],[-79.047243,43.836252],[-79.046002,43.833332],[-79.044358,43.829367],[-79.042695,43.825441],[-79.040234,43.819762],[-79.038686,43.815985]]]},"properties":{"id":"ajax","name":"Ajax"}},{"type":"Feature","geometry":{"type":"Polygon","coordinates":[[[-79.047311,44.00924],[-79.046396,44.007169],[-79.040444,43.993144],[-79.038456,43.988596],[-79.035627,43.982159],[-79.032658,43.975485],[-79.029428,43.968336],[-79.026818,43.962516],[-79.022447,43.952799],[-79.020777,43.948977],[-79.018488,43.943779],[-79.017246,43.941019],[-79.016889,43.940103],[-79.015059,43.936005],[-79.008478,43.922369],[-79.007952,43.921278],[-79.006971,43.919149],[-79.006481,43.917977],[-79.002292,43.907481],[-79.001314,43.905012],[-78.997642,43.896786],[-78.994259,43.889141],[-78.993602,43.887464],[-78.992318,43.883967],[-78.991438,43.882027],[-78.989535,43.877615],[-78.985878,43.869172],[-78.982623,43.861493],[-78.97887,43.852673],[-78.978207,43.851135],[-78.975843,43.845547],[-78.97451,43.842452],[-78.97348,43.840002],[-78.97087,43.833938],[-78.97063,43.833447],[-78.970549,43.833448],[-78.969667,43.834139],[-78.969481,43.83442],[-78.96887,43.835079],[-78.96831,43.835785],[-78.967758,43.836392],[-78.967037,43.83705],[-78.966723,43.837409],[-78.966364,43.837642],[-78.965915,43.838192],[-78.965357,43.83868],[-78.964707,43.839355],[-78.963364,43.84038],[-78.962975,43.84074],[-78.962555,43.841],[-78.961021,43.842099],[-78.960259,43.842479],[-78.95907,43.843005],[-78.956471,43.84424],[-78.955549,43.844596],[-78.954464,43.844836],[-78.95371,43.845047],[-78.953288,43.845031],[-78.95293,43.845313],[-78.952501,43.845485],[-78.952532,43.845675],[-78.953398,43.845447],[-78.953972,43.845394],[-78.953992,43.845548],[-78.954395,43.845762],[-78.954599,43.846333],[-78.954909,43.846735],[-78.955204,43.846848],[-78.954926,43.84696],[-78.955562,43.847277],[-78.954827,43.847327],[-78.955505,43.848213],[-78.957465,43.849517],[-78.957931,43.849697],[-78.958951,43.849715],[-78.959922,43.850056],[-78.960556,43.850428],[-78.960892,43.850812],[-78.961221,43.851367],[-78.961867,43.852117],[-78.962362,43.852567],[-78.962571,43.852652],[-78.963198,43.853239],[-78.963262,43.853546],[-78.963444,43.853667],[-78.963251,43.85387],[-78.963536,43.854272],[-78.963767,43.854411],[-78.964373,43.854169],[-78.965209,43.854454],[-78.965424,43.85471],[-78.965869,43.854439],[-78.96685,43.854133],[-78.967091,43.853993],[-78.967338,43.854051],[-78.968298,43.853618],[-78.968541,43.853433],[-78.968952,43.853414],[-78.968449,43.853576],[-78.968089,43.85392],[-78.966516,43.854442],[-78.966079,43.854488],[-78.965569,43.854857],[-78.964975,43.854756],[-78.964686,43.854463],[-78.964389,43.85444],[-78.964355,43.854709],[-78.964659,43.854895],[-78.965361,43.855105],[-78.965411,43.855466],[-78.964669,43.855696],[-78.96338,43.855925],[-78.963132,43.855912],[-78.963249,43.855392],[-78.963132,43.855174],[-78.962998,43.85545],[-78.96246,43.855918],[-78.961535,43.856397],[-78.960783,43.856545],[-78.960919,43.856935],[-78.960618,43.857371],[-78.96007,43.857748],[-78.960095,43.857397],[-78.960578,43.857091],[-78.96046,43.856549],[-78.960652,43.856381],[-78.961439,43.856287],[-78.962673,43.855481],[-78.963066,43.85456],[-78.963038,43.854263],[-78.962594,43.853796],[-78.96242,43.853792],[-78.962764,43.854294],[-78.962755,43.854546],[-78.962296,43.85488],[-78.962198,43.855184],[-78.961507,43.855019],[-78.961231,43.855104],[-78.960803,43.85488],[-78.960526,43.854983],[-78.960585,43.854705],[-78.960843,43.8548],[-78.960528,43.854173],[-78.961018,43.853686],[-78.96138,43.85363],[-78.961136,43.85349],[-78.961356,43.853251],[-78.961289,43.853025],[-78.960769,43.852944],[-78.960208,43.85261],[-78.960332,43.852261],[-78.960237,43.852124],[-78.959945,43.852299],[-78.959989,43.85284],[-78.959899,43.853297],[-78.960102,43.853535],[-78.960022,43.853696],[-78.95943,43.853892],[-78.959337,43.85408],[-78.95961,43.854093],[-78.959413,43.854396],[-78.959812,43.855123],[-78.959195,43.854608],[-78.959073,43.854885],[-78.959458,43.85527],[-78.959135,43.855264],[-78.959104,43.855084],[-78.958593,43.855093],[-78.958938,43.854847],[-78.958821,43.85425],[-78.959236,43.853745],[-78.959207,43.853159],[-78.959319,43.852792],[-78.959803,43.852449],[-78.959926,43.852136],[-78.959891,43.851685],[-78.95925,43.85117],[-78.95812,43.850744],[-78.957674,43.850674],[-78.95662,43.850213],[-78.956371,43.850227],[-78.955506,43.849662],[-78.954843,43.849398],[-78.954406,43.849445],[-78.954451,43.84922],[-78.953917,43.849193],[-78.953647,43.849071],[-78.953386,43.848706],[-78.953105,43.848557],[-78.952779,43.848632],[-78.952252,43.848416],[-78.95247,43.848203],[-78.952376,43.848058],[-78.952004,43.848006],[-78.951294,43.847669],[-78.950737,43.847218],[-78.950483,43.846645],[-78.949684,43.84601],[-78.950049,43.845881],[-78.950948,43.845789],[-78.952517,43.845386],[-78.952142,43.845298],[-78.951062,43.845676],[-78.950439,43.845749],[-78.950047,43.845673],[-78.949231,43.845828],[-78.948893,43.845756],[-78.9469,43.846072],[-78.945745,43.8462],[-78.944795,43.846192],[-78.944253,43.845916],[-78.943888,43.845833],[-78.94345,43.845919],[-78.94221,43.846511],[-78.941506,43.846675],[-78.940814,43.847089],[-78.940203,43.847721],[-78.939262,43.848562],[-78.938969,43.849161],[-78.938177,43.849707],[-78.936754,43.850476],[-78.935713,43.850943],[-78.935158,43.851094],[-78.934414,43.851205],[-78.933086,43.851277],[-78.931726,43.851304],[-78.93072,43.85137],[-78.93003,43.851325],[-78.929071,43.851484],[-78.928548,43.850927],[-78.928353,43.849829],[-78.928427,43.849737],[-78.928331,43.849196],[-78.928193,43.8492],[-78.928276,43.849754],[-78.928169,43.849792],[-78.928407,43.850936],[-78.928962,43.851559],[-78.929704,43.851483],[-78.932418,43.851324],[-78.93255,43.8516],[-78.932742,43.852545],[-78.933124,43.852643],[-78.93277,43.852423],[-78.932667,43.851739],[-78.934426,43.851607],[-78.935627,43.851555],[-78.935788,43.851927],[-78.935619,43.852293],[-78.935904,43.852388],[-78.936437,43.85138],[-78.936862,43.8514],[-78.936942,43.851552],[-78.9366,43.851989],[-78.936846,43.852024],[-78.937597,43.852668],[-78.937959,43.852849],[-78.937839,43.853078],[-78.938483,43.853073],[-78.9391,43.85419],[-78.93931,43.854483],[-78.940159,43.855348],[-78.940169,43.855625],[-78.939985,43.855952],[-78.939913,43.856362],[-78.939579,43.857243],[-78.939799,43.857888],[-78.938986,43.858649],[-78.938679,43.858849],[-78.937839,43.858324],[-78.937293,43.856957],[-78.9364,43.856304],[-78.935362,43.856526],[-78.935259,43.856641],[-78.933528,43.857048],[-78.932695,43.856977],[-78.932494,43.856819],[-78.932298,43.856329],[-78.9325,43.856102],[-78.933176,43.856054],[-78.933535,43.85593],[-78.934063,43.855886],[-78.935096,43.855517],[-78.934912,43.855115],[-78.934629,43.854985],[-78.934503,43.854626],[-78.933905,43.854501],[-78.934315,43.855497],[-78.934092,43.855529],[-78.933746,43.854576],[-78.933627,43.854449],[-78.932606,43.854197],[-78.932411,43.853889],[-78.931349,43.853681],[-78.930958,43.853793],[-78.930089,43.852851],[-78.92863,43.852521],[-78.927591,43.851695],[-78.927124,43.849958],[-78.927232,43.851017],[-78.926055,43.851078],[-78.924973,43.850869],[-78.924209,43.850658],[-78.922623,43.85042],[-78.920274,43.849811],[-78.918676,43.849344],[-78.918137,43.849133],[-78.915521,43.848401],[-78.913534,43.847937],[-78.913194,43.847785],[-78.912354,43.847583],[-78.911905,43.847408],[-78.911155,43.847227],[-78.910277,43.846792],[-78.909107,43.846611],[-78.908399,43.846591],[-78.90755,43.846233],[-78.906655,43.846145],[-78.905886,43.846207],[-78.904957,43.846178],[-78.904279,43.84604],[-78.902892,43.845869],[-78.902198,43.845485],[-78.901841,43.845567],[-78.900583,43.846348],[-78.900598,43.846638],[-78.900813,43.846942],[-78.900691,43.847575],[-78.900498,43.847989],[-78.898711,43.849536],[-78.897446,43.850419],[-78.896133,43.85127],[-78.894038,43.852327],[-78.893293,43.852539],[-78.892606,43.852845],[-78.891445,43.853111],[-78.889419,43.853386],[-78.887925,43.853434],[-78.886156,43.853262],[-78.885657,43.853178],[-78.884614,43.853114],[-78.882649,43.852726],[-78.881791,43.852508],[-78.883177,43.855796],[-78.883506,43.856662],[-78.885076,43.860368],[-78.885794,43.862002],[-78.887264,43.865537],[-78.887535,43.866101],[-78.889002,43.869618],[-78.890091,43.87218],[-78.89102,43.874238],[-78.896189,43.885616],[-78.897106,43.887438],[-78.898152,43.889719],[-78.898141,43.889913],[-78.90584,43.90743],[-78.905938,43.907676],[-78.905668,43.907739],[-78.907551,43.911992],[-78.909588,43.916499],[-78.910411,43.918129],[-78.911536,43.920725],[-78.913426,43.925008],[-78.913581,43.925243],[-78.913044,43.925365],[-78.915346,43.930645],[-78.916821,43.933909],[-78.916834,43.933906],[-78.920709,43.942509],[-78.920656,43.942519],[-78.924106,43.950411],[-78.928631,43.960707],[-78.928861,43.960975],[-78.93172,43.967476],[-78.933419,43.971298],[-78.939711,43.985541],[-78.94353,43.99429],[-78.949106,44.00759],[-78.95096,44.011539],[-78.951858,44.013738],[-78.958569,44.028867],[-78.958952,44.028774],[-78.962743,44.028004],[-78.968729,44.026662],[-78.970819,44.026173],[-78.97188,44.025777],[-78.973617,44.025483],[-78.974372,44.025409],[-78.975746,44.025145],[-78.983286,44.02347],[-78.991831,44.021592],[-78.994523,44.021009],[-78.997647,44.020304],[-79.003298,44.019002],[-79.008683,44.017806],[-79.0173,44.015906],[-79.024815,44.014278],[-79.038101,44.011286],[-79.042495,44.01029],[-79.047311,44.00924]]]},"properties":{"id":"whitby","name":"Whitby"}},{"type":"Feature","geometry":{"type":"Polygon","coordinates":[[[-78.958569,44.028867],[-78.951858,44.013738],[-78.95096,44.011539],[-78.949106,44.00759],[-78.94353,43.99429],[-78.939711,43.985541],[-78.933419,43.971298],[-78.93172,43.967476],[-78.928861,43.960975],[-78.928631,43.960707],[-78.924106,43.950411],[-78.920656,43.942519],[-78.920709,43.942509],[-78.916834,43.933906],[-78.916821,43.933909],[-78.915346,43.930645],[-78.913044,43.925365],[-78.913581,43.925243],[-78.913426,43.925008],[-78.911536,43.920725],[-78.910411,43.918129],[-78.909588,43.916499],[-78.907551,43.911992],[-78.905668,43.907739],[-78.905938,43.907676],[-78.90584,43.90743],[-78.898141,43.889913],[-78.898152,43.889719],[-78.897106,43.887438],[-78.896189,43.885616],[-78.89102,43.874238],[-78.890091,43.87218],[-78.889002,43.869618],[-78.887535,43.866101],[-78.887264,43.865537],[-78.885794,43.862002],[-78.885076,43.860368],[-78.883506,43.856662],[-78.883177,43.855796],[-78.881791,43.852508],[-78.880021,43.852068],[-78.878329,43.85176],[-78.877696,43.851676],[-78.87675,43.851627],[-78.876056,43.851521],[-78.875134,43.851258],[-78.874244,43.851082],[-78.872777,43.850957],[-78.869904,43.85031],[-78.869519,43.850379],[-78.868624,43.851088],[-78.868036,43.851349],[-78.86742,43.851503],[-78.866041,43.851733],[-78.865204,43.851933],[-78.864036,43.852364],[-78.861676,43.85299],[-78.861084,43.853092],[-78.858826,43.853638],[-78.857745,43.853841],[-78.856287,43.854205],[-78.854632,43.854417],[-78.852903,43.854534],[-78.851432,43.854791],[-78.850531,43.854854],[-78.849022,43.855288],[-78.848091,43.85534],[-78.847213,43.855521],[-78.84703,43.855674],[-78.845815,43.856056],[-78.844128,43.856456],[-78.843333,43.856856],[-78.842241,43.857564],[-78.841294,43.857804],[-78.840371,43.857936],[-78.839197,43.858164],[-78.838364,43.858248],[-78.834807,43.858203],[-78.833978,43.858284],[-78.832845,43.858263],[-78.8319,43.857847],[-78.831542,43.857898],[-78.831235,43.858206],[-78.830712,43.858453],[-78.830657,43.858888],[-78.831084,43.859382],[-78.830951,43.859766],[-78.830605,43.860059],[-78.830668,43.860225],[-78.830427,43.860592],[-78.829817,43.861088],[-78.829067,43.861617],[-78.828283,43.861974],[-78.827856,43.862323],[-78.827483,43.862244],[-78.827585,43.862432],[-78.826567,43.862999],[-78.826369,43.863545],[-78.825319,43.86419],[-78.824478,43.864767],[-78.824035,43.865001],[-78.823206,43.865236],[-78.822238,43.864145],[-78.822138,43.864186],[-78.824368,43.866701],[-78.826006,43.865939],[-78.829502,43.867864],[-78.829877,43.867592],[-78.830567,43.866805],[-78.830828,43.866424],[-78.830899,43.866104],[-78.831115,43.865865],[-78.831912,43.865687],[-78.832366,43.865424],[-78.832826,43.865533],[-78.833459,43.865516],[-78.833614,43.865605],[-78.832832,43.865647],[-78.83252,43.865541],[-78.832056,43.86579],[-78.831309,43.865962],[-78.830529,43.867312],[-78.829551,43.868129],[-78.829304,43.868139],[-78.828435,43.867865],[-78.828343,43.867935],[-78.829179,43.868322],[-78.830974,43.869221],[-78.831086,43.86938],[-78.830193,43.870307],[-78.829282,43.869839],[-78.829284,43.869768],[-78.830001,43.869067],[-78.829643,43.868874],[-78.828876,43.869582],[-78.828187,43.869261],[-78.828953,43.868554],[-78.828688,43.868499],[-78.827994,43.869122],[-78.827607,43.868907],[-78.828271,43.868284],[-78.827903,43.868084],[-78.827886,43.86774],[-78.827351,43.868052],[-78.826845,43.868664],[-78.826992,43.868981],[-78.827968,43.869557],[-78.829051,43.869942],[-78.829542,43.870573],[-78.82957,43.871033],[-78.829407,43.871042],[-78.829418,43.870699],[-78.829161,43.87018],[-78.828833,43.869959],[-78.828146,43.869839],[-78.827719,43.869624],[-78.82741,43.869696],[-78.826793,43.869321],[-78.826314,43.869668],[-78.825569,43.869749],[-78.824954,43.86963],[-78.824506,43.869405],[-78.823805,43.868585],[-78.823729,43.868226],[-78.823919,43.868165],[-78.821701,43.865614],[-78.821016,43.864901],[-78.820981,43.864764],[-78.819735,43.865341],[-78.819338,43.865684],[-78.819197,43.86601],[-78.819131,43.867273],[-78.819164,43.867467],[-78.818792,43.86791],[-78.818729,43.868295],[-78.818551,43.86857],[-78.818311,43.868664],[-78.817326,43.868825],[-78.816698,43.868851],[-78.816266,43.869056],[-78.815208,43.869311],[-78.81439,43.869427],[-78.813631,43.86943],[-78.812795,43.869667],[-78.812419,43.869568],[-78.811325,43.869783],[-78.809879,43.869869],[-78.80843,43.869784],[-78.807515,43.869695],[-78.804083,43.868993],[-78.802958,43.868686],[-78.800922,43.868221],[-78.798729,43.867525],[-78.797613,43.867382],[-78.796949,43.867209],[-78.796526,43.867242],[-78.802297,43.880893],[-78.802586,43.88156],[-78.802962,43.882503],[-78.805726,43.889053],[-78.808132,43.894553],[-78.808612,43.895735],[-78.809389,43.897435],[-78.810532,43.900097],[-78.812247,43.904022],[-78.813725,43.907316],[-78.814374,43.908853],[-78.815684,43.911785],[-78.817672,43.916349],[-78.818764,43.918919],[-78.822062,43.92641],[-78.829773,43.943975],[-78.829797,43.944019],[-78.837526,43.961292],[-78.840969,43.96918],[-78.845499,43.979651],[-78.846119,43.980886],[-78.852868,43.996179],[-78.852815,43.996192],[-78.854817,44.000774],[-78.85559,44.002614],[-78.856672,44.005095],[-78.858245,44.008795],[-78.85975,44.012277],[-78.86077,44.01453],[-78.86252,44.01853],[-78.863828,44.021552],[-78.865199,44.024798],[-78.867527,44.030243],[-78.868649,44.032913],[-78.872038,44.040498],[-78.872578,44.041685],[-78.873468,44.043755],[-78.874722,44.04652],[-78.87509,44.047392],[-78.877537,44.04687],[-78.88116,44.046032],[-78.883332,44.045574],[-78.8845,44.045295],[-78.887841,44.044547],[-78.890734,44.043942],[-78.893089,44.043403],[-78.898285,44.042277],[-78.902998,44.041217],[-78.904466,44.040923],[-78.908945,44.039917],[-78.91218,44.039152],[-78.914914,44.038582],[-78.920475,44.037339],[-78.921008,44.037234],[-78.929126,44.035402],[-78.936389,44.033786],[-78.940312,44.032889],[-78.943145,44.03222],[-78.946869,44.031438],[-78.949583,44.030855],[-78.953012,44.030095],[-78.957835,44.029053],[-78.958569,44.028867]]]},"properties":{"id":"oshawa","name":"Oshawa"}},{"type":"Feature","geometry":{"type":"Polygon","coordinates":[[[-78.872038,44.040498],[-78.868649,44.032913],[-78.867527,44.030243],[-78.865199,44.024798],[-78.863828,44.021552],[-78.86252,44.01853],[-78.86077,44.01453],[-78.85975,44.012277],[-78.858245,44.008795],[-78.856672,44.005095],[-78.85559,44.002614],[-78.854817,44.000774],[-78.852815,43.996192],[-78.852868,43.996179],[-78.846119,43.980886],[-78.845499,43.979651],[-78.840969,43.96918],[-78.837526,43.961292],[-78.829797,43.944019],[-78.829773,43.943975],[-78.822062,43.92641],[-78.818764,43.918919],[-78.817672,43.916349],[-78.815684,43.911785],[-78.814374,43.908853],[-78.813725,43.907316],[-78.812247,43.904022],[-78.810532,43.900097],[-78.809389,43.897435],[-78.808612,43.895735],[-78.808132,43.894553],[-78.805726,43.889053],[-78.802962,43.882503],[-78.802586,43.88156],[-78.802297,43.880893],[-78.796526,43.867242],[-78.795957,43.867386],[-78.795002,43.867538],[-78.794238,43.867546],[-78.793821,43.867471],[-78.792854,43.867496],[-78.792288,43.867592],[-78.791129,43.867943],[-78.790237,43.868319],[-78.788877,43.868831],[-78.787105,43.869259],[-78.786427,43.869392],[-78.784223,43.869611],[-78.783052,43.869483],[-78.782014,43.869464],[-78.781304,43.869401],[-78.77942,43.869113],[-78.776766,43.868471],[-78.775887,43.868363],[-78.774287,43.868332],[-78.773006,43.868251],[-78.771428,43.868331],[-78.770799,43.8683],[-78.768955,43.868399],[-78.767863,43.868537],[-78.766425,43.86854],[-78.764533,43.868484],[-78.763626,43.86839],[-78.762623,43.86845],[-78.760966,43.868439],[-78.760484,43.868497],[-78.759056,43.868435],[-78.758213,43.868311],[-78.75759,43.86828],[-78.756243,43.868077],[-78.754072,43.867958],[-78.752965,43.868014],[-78.75115,43.86823],[-78.750813,43.8682],[-78.749662,43.868278],[-78.74813,43.868472],[-78.747059,43.868686],[-78.744885,43.869199],[-78.743315,43.869507],[-78.741755,43.86967],[-78.740993,43.869685],[-78.738719,43.869951],[-78.737498,43.869974],[-78.735509,43.869862],[-78.734334,43.869713],[-78.734044,43.869609],[-78.733283,43.869594],[-78.731773,43.869424],[-78.731339,43.868135],[-78.730066,43.867874],[-78.729817,43.86876],[-78.729311,43.868826],[-78.729427,43.868654],[-78.729282,43.868443],[-78.72928,43.868043],[-78.729541,43.867758],[-78.725439,43.866912],[-78.725273,43.866897],[-78.715953,43.86718],[-78.714547,43.867201],[-78.712505,43.867552],[-78.711755,43.867708],[-78.709362,43.869079],[-78.708702,43.869379],[-78.707138,43.869904],[-78.705941,43.870235],[-78.704836,43.8708],[-78.704476,43.870927],[-78.70279,43.871664],[-78.702063,43.872115],[-78.701157,43.872872],[-78.700643,43.873208],[-78.70014,43.873716],[-78.698483,43.874588],[-78.697394,43.875018],[-78.696956,43.875132],[-78.695748,43.875316],[-78.695009,43.875179],[-78.694997,43.874943],[-78.690402,43.87148],[-78.690071,43.871346],[-78.689952,43.871552],[-78.690594,43.871877],[-78.690679,43.872168],[-78.690841,43.872113],[-78.691273,43.872527],[-78.690018,43.873194],[-78.689803,43.873261],[-78.691772,43.875683],[-78.69156,43.875807],[-78.691278,43.875685],[-78.690067,43.874425],[-78.689561,43.87395],[-78.689151,43.873844],[-78.687505,43.874634],[-78.687293,43.874618],[-78.686045,43.873695],[-78.685654,43.873486],[-78.68523,43.873037],[-78.685739,43.872834],[-78.684962,43.872735],[-78.684037,43.872981],[-78.683214,43.873367],[-78.682922,43.87343],[-78.682567,43.873673],[-78.682645,43.873888],[-78.683604,43.874951],[-78.683821,43.876393],[-78.684257,43.878079],[-78.684013,43.878414],[-78.682728,43.879315],[-78.681708,43.879719],[-78.681035,43.880095],[-78.680854,43.880627],[-78.680579,43.88108],[-78.679399,43.882321],[-78.679128,43.882834],[-78.678467,43.883402],[-78.677305,43.884315],[-78.676735,43.884711],[-78.675996,43.885097],[-78.674965,43.885556],[-78.674071,43.886075],[-78.672797,43.886621],[-78.671331,43.887042],[-78.669772,43.887362],[-78.667172,43.887723],[-78.666207,43.887739],[-78.664589,43.88763],[-78.664029,43.886293],[-78.663972,43.886311],[-78.664595,43.887795],[-78.664571,43.888203],[-78.6648,43.888716],[-78.665026,43.888938],[-78.665178,43.889332],[-78.66544,43.889552],[-78.666144,43.889645],[-78.667019,43.88887],[-78.667655,43.889154],[-78.66772,43.888903],[-78.667977,43.888694],[-78.668475,43.888524],[-78.669358,43.888446],[-78.669701,43.888717],[-78.670388,43.888842],[-78.670944,43.88921],[-78.671309,43.889848],[-78.671226,43.890548],[-78.671347,43.891036],[-78.671855,43.891384],[-78.672054,43.891707],[-78.672524,43.891647],[-78.672039,43.892008],[-78.671913,43.892442],[-78.671638,43.892655],[-78.670647,43.892904],[-78.670235,43.89264],[-78.670403,43.89213],[-78.670239,43.891793],[-78.670524,43.891994],[-78.670445,43.892419],[-78.671239,43.892166],[-78.671728,43.891611],[-78.671631,43.891468],[-78.67119,43.891366],[-78.670608,43.891427],[-78.67068,43.890959],[-78.67032,43.890855],[-78.669889,43.890387],[-78.669453,43.89009],[-78.668909,43.890039],[-78.668593,43.890253],[-78.667973,43.890426],[-78.667629,43.890311],[-78.667218,43.890337],[-78.666463,43.890166],[-78.666164,43.890034],[-78.665628,43.89016],[-78.665946,43.890391],[-78.666735,43.890466],[-78.667386,43.89071],[-78.668096,43.89066],[-78.668643,43.890822],[-78.668902,43.89114],[-78.668406,43.891495],[-78.668617,43.891147],[-78.668382,43.890891],[-78.667662,43.891069],[-78.667148,43.890886],[-78.666876,43.890667],[-78.666304,43.890518],[-78.666228,43.890586],[-78.66815,43.89189],[-78.668339,43.892237],[-78.669005,43.892961],[-78.669317,43.893179],[-78.670214,43.893447],[-78.673374,43.893671],[-78.673759,43.893733],[-78.67478,43.894111],[-78.674783,43.894274],[-78.673286,43.893838],[-78.671974,43.893767],[-78.671693,43.89381],[-78.672387,43.894603],[-78.672502,43.894921],[-78.672222,43.894928],[-78.672004,43.894467],[-78.67149,43.894023],[-78.671186,43.893878],[-78.670552,43.893808],[-78.66904,43.893519],[-78.668462,43.893044],[-78.668108,43.893213],[-78.667883,43.89306],[-78.668252,43.892693],[-78.667792,43.892959],[-78.667342,43.892755],[-78.666705,43.892835],[-78.666547,43.892615],[-78.667666,43.892302],[-78.667738,43.89199],[-78.666243,43.89091],[-78.666145,43.890974],[-78.667163,43.891678],[-78.666503,43.892141],[-78.666324,43.892052],[-78.665818,43.890797],[-78.665711,43.890811],[-78.665149,43.890378],[-78.664802,43.88955],[-78.663447,43.886537],[-78.663319,43.886568],[-78.664004,43.888128],[-78.663878,43.888347],[-78.663958,43.888618],[-78.663415,43.888926],[-78.662501,43.889262],[-78.661111,43.889702],[-78.659229,43.890435],[-78.65827,43.890889],[-78.657512,43.89108],[-78.65659,43.891171],[-78.655796,43.891384],[-78.65535,43.891594],[-78.654343,43.891916],[-78.653193,43.892095],[-78.651559,43.892176],[-78.648588,43.892213],[-78.647389,43.892386],[-78.645922,43.892337],[-78.64511,43.89249],[-78.644331,43.892514],[-78.642866,43.892363],[-78.641916,43.892399],[-78.641134,43.892483],[-78.639628,43.892539],[-78.638672,43.892683],[-78.638252,43.892843],[-78.637686,43.892945],[-78.636965,43.89299],[-78.636221,43.892928],[-78.635308,43.893451],[-78.634413,43.893717],[-78.634079,43.894373],[-78.633637,43.894916],[-78.633015,43.895192],[-78.631876,43.895459],[-78.63088,43.895598],[-78.629329,43.895952],[-78.627311,43.896269],[-78.626107,43.89661],[-78.624555,43.896699],[-78.62372,43.896802],[-78.623146,43.89681],[-78.622289,43.897171],[-78.621767,43.897296],[-78.62112,43.8977],[-78.620316,43.898018],[-78.619455,43.898272],[-78.617875,43.898531],[-78.616638,43.898675],[-78.615754,43.898703],[-78.614957,43.898841],[-78.613908,43.898918],[-78.613431,43.898905],[-78.612188,43.898983],[-78.610333,43.898889],[-78.607839,43.898504],[-78.606486,43.898122],[-78.604745,43.897508],[-78.604054,43.897154],[-78.602474,43.896542],[-78.602074,43.896439],[-78.601263,43.896361],[-78.599952,43.896111],[-78.598914,43.895953],[-78.597522,43.895809],[-78.597233,43.895883],[-78.596718,43.895793],[-78.595933,43.895921],[-78.595555,43.895872],[-78.594592,43.896127],[-78.593538,43.896232],[-78.592043,43.89625],[-78.589583,43.895757],[-78.588474,43.895635],[-78.587117,43.895405],[-78.585862,43.895276],[-78.584612,43.895267],[-78.583331,43.895328],[-78.58191,43.895323],[-78.580705,43.895356],[-78.579242,43.895553],[-78.578507,43.895564],[-78.576991,43.895497],[-78.576596,43.895615],[-78.577208,43.896993],[-78.577369,43.897063],[-78.578745,43.896704],[-78.578789,43.896647],[-78.579546,43.897235],[-78.580925,43.898235],[-78.58104,43.898555],[-78.579721,43.898563],[-78.579375,43.89847],[-78.577944,43.8977],[-78.577485,43.897308],[-78.577162,43.897231],[-78.576811,43.896902],[-78.576363,43.895849],[-78.576178,43.895823],[-78.576404,43.896349],[-78.576258,43.896615],[-78.575667,43.897003],[-78.574974,43.89723],[-78.574001,43.897401],[-78.573267,43.897301],[-78.572406,43.897366],[-78.571932,43.897322],[-78.571594,43.897168],[-78.569696,43.896767],[-78.567629,43.896362],[-78.566929,43.896187],[-78.565681,43.895795],[-78.564906,43.895511],[-78.563448,43.895164],[-78.562528,43.895102],[-78.561733,43.895193],[-78.561005,43.895346],[-78.558743,43.895404],[-78.557831,43.89571],[-78.556997,43.895897],[-78.556462,43.896144],[-78.555727,43.896282],[-78.554739,43.896364],[-78.553245,43.896382],[-78.551231,43.896305],[-78.54923,43.896168],[-78.547898,43.896129],[-78.547068,43.896183],[-78.543965,43.896205],[-78.541741,43.896033],[-78.541038,43.896067],[-78.538717,43.89653],[-78.538065,43.89662],[-78.536797,43.897122],[-78.535161,43.89749],[-78.533135,43.897774],[-78.531681,43.897951],[-78.530311,43.898183],[-78.527703,43.898278],[-78.526468,43.898527],[-78.525519,43.898612],[-78.5249,43.898762],[-78.523334,43.899008],[-78.522276,43.899039],[-78.521539,43.89899],[-78.52033,43.899277],[-78.51913,43.899391],[-78.517389,43.899342],[-78.516964,43.899382],[-78.514775,43.899411],[-78.513861,43.899499],[-78.51262,43.899702],[-78.511281,43.899761],[-78.511204,43.899808],[-78.508859,43.899751],[-78.508107,43.899888],[-78.507054,43.899979],[-78.504537,43.900432],[-78.503081,43.900602],[-78.501768,43.900595],[-78.497891,43.900178],[-78.496255,43.899828],[-78.495123,43.899481],[-78.494168,43.899238],[-78.492559,43.898888],[-78.491287,43.898532],[-78.489604,43.897814],[-78.487799,43.897174],[-78.486224,43.896866],[-78.485365,43.896811],[-78.483678,43.896494],[-78.48257,43.896582],[-78.481767,43.896587],[-78.480408,43.896917],[-78.479372,43.897281],[-78.478115,43.897525],[-78.477186,43.897757],[-78.476455,43.898041],[-78.475481,43.898305],[-78.473347,43.898816],[-78.470616,43.899189],[-78.469448,43.899432],[-78.46812,43.89988],[-78.467468,43.900033],[-78.466283,43.900408],[-78.465801,43.900737],[-78.464658,43.901284],[-78.463298,43.902075],[-78.462661,43.902339],[-78.462016,43.902518],[-78.461276,43.902843],[-78.45748,43.903948],[-78.455082,43.904742],[-78.454586,43.905008],[-78.453949,43.905616],[-78.452874,43.906297],[-78.452223,43.906798],[-78.451571,43.907192],[-78.450706,43.907572],[-78.449648,43.907967],[-78.448407,43.908642],[-78.447605,43.908974],[-78.447005,43.909324],[-78.444418,43.910082],[-78.444044,43.910239],[-78.442825,43.91058],[-78.440012,43.911221],[-78.439327,43.91144],[-78.438153,43.911711],[-78.436953,43.911931],[-78.439203,43.91706],[-78.441947,43.92338],[-78.443523,43.926859],[-78.445452,43.931244],[-78.446056,43.932617],[-78.44626,43.933081],[-78.446336,43.933253],[-78.446672,43.933991],[-78.446761,43.934187],[-78.446995,43.934702],[-78.447527,43.935889],[-78.449346,43.939851],[-78.449401,43.939973],[-78.450113,43.941499],[-78.452521,43.946847],[-78.456222,43.955555],[-78.460271,43.964963],[-78.460899,43.96554],[-78.466038,43.978079],[-78.467822,43.982534],[-78.46808,43.983059],[-78.469591,43.986505],[-78.473517,43.994957],[-78.475213,43.999396],[-78.476584,44.002442],[-78.481358,44.013268],[-78.482676,44.016008],[-78.483349,44.017823],[-78.484644,44.02086],[-78.488588,44.032131],[-78.490217,44.037112],[-78.491197,44.039691],[-78.491256,44.039861],[-78.491744,44.041265],[-78.493276,44.044987],[-78.493665,44.045933],[-78.495869,44.051291],[-78.498013,44.05648],[-78.499085,44.059],[-78.499648,44.060337],[-78.500886,44.063252],[-78.502784,44.067729],[-78.504029,44.070663],[-78.504694,44.072325],[-78.504924,44.073065],[-78.505928,44.075026],[-78.511423,44.087422],[-78.514226,44.09395],[-78.516292,44.098758],[-78.52319,44.097341],[-78.526309,44.096623],[-78.529285,44.09589],[-78.536051,44.094215],[-78.53665,44.094091],[-78.540036,44.09328],[-78.542416,44.092721],[-78.543892,44.092402],[-78.547499,44.091633],[-78.548922,44.091327],[-78.551558,44.090615],[-78.552545,44.090397],[-78.552883,44.090329],[-78.553155,44.090275],[-78.553616,44.090171],[-78.554181,44.090065],[-78.554811,44.089908],[-78.554977,44.089862],[-78.555044,44.089843],[-78.555567,44.089709],[-78.55615,44.089585],[-78.556373,44.089544],[-78.556468,44.089527],[-78.557206,44.089382],[-78.559557,44.088884],[-78.564397,44.087746],[-78.565367,44.08754],[-78.568381,44.086811],[-78.57061,44.086315],[-78.57279,44.085781],[-78.576533,44.084898],[-78.578194,44.084536],[-78.580592,44.083994],[-78.582179,44.083629],[-78.582926,44.083463],[-78.582987,44.083449],[-78.583046,44.083435],[-78.584049,44.083197],[-78.58445,44.083104],[-78.584863,44.083018],[-78.584892,44.083012],[-78.584949,44.082998],[-78.585433,44.082882],[-78.586187,44.082701],[-78.58684,44.08254],[-78.58954,44.081903],[-78.592227,44.08129],[-78.594884,44.080708],[-78.597538,44.080097],[-78.600179,44.079491],[-78.600581,44.079398],[-78.601047,44.079291],[-78.604026,44.078606],[-78.604453,44.078508],[-78.605412,44.078285],[-78.605997,44.078149],[-78.606055,44.078135],[-78.609725,44.077394],[-78.610272,44.077199],[-78.610287,44.077196],[-78.610931,44.077057],[-78.612293,44.07677],[-78.614354,44.076211],[-78.6163,44.075863],[-78.619036,44.075175],[-78.619955,44.074971],[-78.620699,44.07482],[-78.620851,44.074788],[-78.621018,44.074753],[-78.622785,44.074344],[-78.625089,44.073748],[-78.627059,44.073366],[-78.631326,44.072461],[-78.635784,44.071461],[-78.638493,44.070827],[-78.640236,44.070471],[-78.643912,44.069642],[-78.649886,44.068293],[-78.65473,44.067198],[-78.6575,44.066574],[-78.663442,44.06525],[-78.669172,44.06394],[-78.671853,44.063348],[-78.674536,44.062704],[-78.680786,44.061227],[-78.687753,44.059558],[-78.687769,44.059554],[-78.688917,44.059224],[-78.692696,44.058403],[-78.692792,44.058601],[-78.692839,44.058697],[-78.692971,44.058984],[-78.693015,44.059083],[-78.693123,44.059327],[-78.693587,44.06033],[-78.693757,44.060714],[-78.693877,44.06097],[-78.694052,44.061328],[-78.694082,44.061388],[-78.694197,44.061641],[-78.694495,44.062296],[-78.694658,44.062648],[-78.694825,44.063],[-78.694954,44.063273],[-78.695544,44.064562],[-78.695758,44.065037],[-78.69581,44.065102],[-78.695859,44.065117],[-78.697196,44.068053],[-78.698934,44.07164],[-78.699296,44.072427],[-78.700753,44.075436],[-78.702295,44.07854],[-78.703243,44.080445],[-78.705956,44.079795],[-78.707111,44.079495],[-78.708524,44.079205],[-78.710394,44.078726],[-78.71361,44.077978],[-78.71536,44.07754],[-78.717228,44.077131],[-78.719131,44.07664],[-78.732469,44.073579],[-78.735679,44.072904],[-78.743113,44.07117],[-78.744374,44.070853],[-78.748339,44.069906],[-78.752355,44.068924],[-78.75496,44.068269],[-78.756718,44.067874],[-78.757469,44.067675],[-78.759699,44.06716],[-78.762069,44.066685],[-78.762468,44.066538],[-78.765005,44.065952],[-78.767503,44.065403],[-78.769538,44.064932],[-78.771995,44.064316],[-78.774631,44.063706],[-78.77649,44.06325],[-78.77762,44.063009],[-78.781533,44.062072],[-78.783335,44.061667],[-78.784765,44.061378],[-78.78566,44.061129],[-78.788332,44.060493],[-78.795671,44.058789],[-78.79996,44.057757],[-78.802079,44.057291],[-78.828882,44.050769],[-78.829787,44.050631],[-78.848803,44.046006],[-78.851622,44.045323],[-78.85269,44.045116],[-78.854261,44.044736],[-78.856496,44.044232],[-78.85801,44.043812],[-78.86214,44.04287],[-78.864824,44.04222],[-78.865547,44.042014],[-78.867826,44.041494],[-78.872038,44.040498]]]},"properties":{"id":"clarington","name":"Clarington"}}]}